category,rating,starting_price,subcategory,language,title,url,seller,pos_rating,num_reviews,location,ave_reponse_time
Graphics & Design,rating-circles star-rating-s12 rate-10,$5,Invitations,English,I will design a custom birthday invitation,https://www.fiverr.com/kaya1000/design-a-custom-birthday-invitation?context=adv.cat_3.subcat_153&context_type=rating&source=gallery-listing&ref_ctx_id=51da67bc-7cdb-4f5b-92bf-9ef589c066f9&filtered_price=&pckg_id=1&pos=3&funnel=d2638fde-a07a-4bca-889a-4d6198fce204,kaya1000,99%,(110),Indonesia,1 Hrs.
Graphics & Design,rating-circles star-rating-s12 rate-10,$5,Invitations,English,I will design christmas Invitation or other Invitations,https://www.fiverr.com/ayoub007ber/design-invitation-card-or-any-other-invitations-card?context=adv.cat_3.subcat_153&context_type=rating&source=gallery-listing&ref_ctx_id=51da67bc-7cdb-4f5b-92bf-9ef589c066f9&filtered_price=&pckg_id=1&pos=41&funnel=d2638fde-a07a-4bca-889a-4d6198fce204,ayoub007ber,95%,(7),Morocco,1 Hrs.
Graphics & Design,rating-circles star-rating-s12 rate-10,$5,Invitations,English,I will design a custom party invitation,https://www.fiverr.com/designsbyducke/design-a-custom-party-invitation?context=adv.cat_3.subcat_153&context_type=rating&source=gallery-listing&ref_ctx_id=51da67bc-7cdb-4f5b-92bf-9ef589c066f9&filtered_price=&pckg_id=1&pos=43&funnel=d2638fde-a07a-4bca-889a-4d6198fce204,designsbyducke,99%,(10),United States,8 Hrs.
Graphics & Design,rating-circles star-rating-s12 rate-10,$5,Invitations,"English, Spanish, French","I will design a coupon, voucher,birthday card for you",https://www.fiverr.com/sidra_chaudhary/design-a-christmas-postcard-gift-card-invitation?context=adv.cat_3.subcat_153&context_type=rating&source=gallery-listing&ref_ctx_id=51da67bc-7cdb-4f5b-92bf-9ef589c066f9&filtered_price=&pckg_id=1&pos=24&funnel=d2638fde-a07a-4bca-889a-4d6198fce204,sidra_chaudhary,96%,(17),Pakistan,2 Hrs.
Graphics & Design,rating-circles star-rating-s12 rate-10,$5,Invitations,"English, French, Arabic, Spanish",I will create a PROFESSIONAL invitation in 24 Hours,https://www.fiverr.com/b_kais/create-a-professional-invitation-in-10-hours?context=adv.cat_3.subcat_153&context_type=rating&source=gallery-listing&ref_ctx_id=51da67bc-7cdb-4f5b-92bf-9ef589c066f9&filtered_price=&pckg_id=1&pos=15&funnel=d2638fde-a07a-4bca-889a-4d6198fce204,b_kais,97%,(132),Tunisia,2 Hrs.
Graphics & Design,rating-circles star-rating-s12 rate-10,$5,Invitations,"English, Hindi, Gujarati",I will create birthday or event or  wedding  invite in 24  hrs,https://www.fiverr.com/nazish28/creat-birthday-invitation-for-you-in-24-hrs?context=adv.cat_3.subcat_153&context_type=rating&source=gallery-listing&ref_ctx_id=51da67bc-7cdb-4f5b-92bf-9ef589c066f9&filtered_price=&pckg_id=1&pos=12&funnel=d2638fde-a07a-4bca-889a-4d6198fce204,nazish28,100%,(22),India,1 Hrs.
Graphics & Design,rating-circles star-rating-s12 rate-10,$10,Invitations,"English, Korean, Indonesian",I will design a beautiful invitation in 48 hours or less,https://www.fiverr.com/adelinewinata/design-a-beautiful-wedding-or-birthday-invitation?context=adv.cat_3.subcat_153&context_type=rating&source=gallery-listing&ref_ctx_id=51da67bc-7cdb-4f5b-92bf-9ef589c066f9&filtered_price=&pckg_id=1&pos=25&funnel=d2638fde-a07a-4bca-889a-4d6198fce204,adelinewinata,100%,(106),Indonesia,3 Hrs.
Graphics & Design,rating-circles star-rating-s12 rate-10,$5,Invitations,"English, Spanish",I will design Birthday Party Invitation,https://www.fiverr.com/maryhug/design-birthday-party-invitation-a6b82627-f65d-46ea-848e-55f778554e70?context=adv.cat_3.subcat_153&context_type=rating&source=gallery-listing&ref_ctx_id=51da67bc-7cdb-4f5b-92bf-9ef589c066f9&filtered_price=&pckg_id=1&pos=35&funnel=d2638fde-a07a-4bca-889a-4d6198fce204,maryhug,99%,(35),Venezuela,3 Hrs.
Graphics & Design,rating-circles star-rating-s12 rate-10,$5,Invitations,English,I will design awesome Greeting Card or Party Invitation,https://www.fiverr.com/mniroshana/design-awesome-greeting-card-or-party-invitation?context=adv.cat_3.subcat_153&context_type=rating&source=gallery-listing&ref_ctx_id=51da67bc-7cdb-4f5b-92bf-9ef589c066f9&filtered_price=&pckg_id=1&pos=18&funnel=d2638fde-a07a-4bca-889a-4d6198fce204,mniroshana,99%,(56),Sri Lanka,3 Hrs.
Graphics & Design,rating-circles star-rating-s12 rate-10,$5,Invitations,"English, Tagalog",I will design a photo booth template,https://www.fiverr.com/kimjeipi2/design-a-photo-booth-template?context=adv.cat_3.subcat_153&context_type=rating&source=gallery-listing&ref_ctx_id=51da67bc-7cdb-4f5b-92bf-9ef589c066f9&filtered_price=&pckg_id=1&pos=1&funnel=d2638fde-a07a-4bca-889a-4d6198fce204,kimjeipi2,100%,(318),Philippines,1 Hrs.
Graphics & Design,rating-circles star-rating-s12 rate-10,$10,Invitations,English,I will create elegant Party Invitation in 24 hours,https://www.fiverr.com/yasirasul/edit-jpg-png-pdf-and-scanned-docs-perfectly?context=adv.cat_3.subcat_153&context_type=rating&source=gallery-listing&ref_ctx_id=51da67bc-7cdb-4f5b-92bf-9ef589c066f9&filtered_price=&pckg_id=1&pos=26&funnel=d2638fde-a07a-4bca-889a-4d6198fce204,yasirasul,99%,(13),Pakistan,1 Hrs.
Graphics & Design,rating-circles star-rating-s12 rate-9,$5,Invitations,"English, Urdu",I will design any type of Party and Wedding invitation Cards,https://www.fiverr.com/sidraawan/design-any-type-of-party-and-wedding-invitation-cards?context=adv.cat_3.subcat_153&context_type=rating&source=gallery-listing&ref_ctx_id=51da67bc-7cdb-4f5b-92bf-9ef589c066f9&filtered_price=&pckg_id=1&pos=21&funnel=d2638fde-a07a-4bca-889a-4d6198fce204,sidraawan,95%,(23),Pakistan,2 Hrs.
Graphics & Design,rating-circles star-rating-s12 rate-10,$5,Invitations,"English, Dutch",I will design an awesome invitation,https://www.fiverr.com/daisysmit/design-an-awesome-invitation?context=adv.cat_3.subcat_153&context_type=rating&source=gallery-listing&ref_ctx_id=51da67bc-7cdb-4f5b-92bf-9ef589c066f9&filtered_price=&pckg_id=1&pos=36&funnel=d2638fde-a07a-4bca-889a-4d6198fce204,daisysmit,99%,(63),Netherlands,5 Hrs.
Graphics & Design,rating-circles star-rating-s12 rate-10,$10,Invitations,"Spanish, French, English",I will design unique invitations for your event,https://www.fiverr.com/geralorentas/design-unique-invitations-for-your-event?context=adv.cat_3.subcat_153&context_type=rating&source=gallery-listing&ref_ctx_id=51da67bc-7cdb-4f5b-92bf-9ef589c066f9&filtered_price=&pckg_id=1&pos=28&funnel=d2638fde-a07a-4bca-889a-4d6198fce204,geralorentas,96%,(35),Venezuela,2 Hrs.
Programming & Tech,rating-circles star-rating-s12 rate-10,$5,Ecommerce,"English, Bengali","I will add 50 products to your Shopify,Woocommerce,PrestaShop site",https://www.fiverr.com/creativearman/add-30-products-into-your-woocommerce-site,creativearman,100%,(198),Bangladesh,2 Hrs.
Programming & Tech,rating-circles star-rating-s12 rate-10,$5,Ecommerce,"English, French, German, Spanish",I will design and develop a Magento eCommerce Website,https://www.fiverr.com/ecommercexpert1/design-and-develop-a-magento-ecommerce-website,ecommercexpert1,100%,(11),Pakistan,1 Hrs.
Programming & Tech,rating-circles star-rating-s12 rate-10,$5,Ecommerce,"Urdu, English (uk), English",I will setup online store with WordPress,https://www.fiverr.com/honney_hannia/create-responsive-online-store-at-amazing-rate,honney_hannia,100%,(14),Pakistan,1 Hrs.
Programming & Tech,rating-circles star-rating-s12 rate-10,$5,Ecommerce,English,I will design and set up your Shopify store,https://www.fiverr.com/jerrylawyer/shopify-shopify-theme-shopify-design-seo-shopify-store,jerrylawyer,98%,(26),United States,1 Hrs.
Programming & Tech,rating-circles star-rating-s12 rate-10,$50,Ecommerce,"English (uk), Urdu","I will install,fix and Customize your Shopify Store",https://www.fiverr.com/rizwanjaffer/add-product-in-your-ecommerce-strore,rizwanjaffer,99%,(33),Pakistan,1 Hrs.
Programming & Tech,rating-circles star-rating-s12 rate-10,$5,Ecommerce,English,I will do any shopify customization,https://www.fiverr.com/designerzguru/do-any-shopify-customization,designerzguru,97%,(16),Pakistan,1 Hrs.
Programming & Tech,rating-circles star-rating-s12 rate-10,$5,Ecommerce,"English, Gujarati, Hindi","I will fix OpenCart Bugs, Errors or Issues",https://www.fiverr.com/kinjan/fix-opencart-bugs-errors-or-issues,kinjan,99%,(539),India,2 Hrs.
Programming & Tech,rating-circles star-rating-s12 rate-10,$100,Ecommerce,"English, Persian, German, Urdu",I will create Professional E Commerce website,https://www.fiverr.com/pro_services7/create-eye-catching-and-clean-e-commerce-website,pro_services7,99%,(6),Pakistan,1 Hrs.
Programming & Tech,rating-circles star-rating-s12 rate-10,$5,Ecommerce,English,I will fix Errors and Customize Prestashop Ecommerce,https://www.fiverr.com/omitmayur/fix-errors-or-customize-prestashop-ecommerce-site,omitmayur,98%,(74),India,1 Hrs.
Programming & Tech,rating-circles star-rating-s12 rate-10,$25,Ecommerce,"English, Tamil, Sinhala, sinhalese",I will create Ecommerce website with WooCommerce,https://www.fiverr.com/sbrenthaa/create-fix-customize-your-wordpress-website,sbrenthaa,99%,(19),Sri Lanka,1 Hrs.
Programming & Tech,rating-circles star-rating-s12 rate-10,$5,Ecommerce,English,I will build a Magento website and do maintenance,https://www.fiverr.com/itwebdevs/build-a-magento-website-and-do-maintenance,itwebdevs,100%,(41),Pakistan,1 Hrs.
Programming & Tech,rating-circles star-rating-s12 rate-10,$5,Ecommerce,English,"I will solve any problem, install opencart, customize theme, design",https://www.fiverr.com/sharpbrain/solve-problem-and-new-develop-in-opencart,sharpbrain,98%,(9),India,1 Hrs.
Programming & Tech,rating-circles star-rating-s12 rate-10,$5,Ecommerce,English,I will design shopify website or shopify store as a shopify expert,https://www.fiverr.com/fakhra_expert/design-shopify-website-or-shopify-store-as-a-shopify-expert,fakhra_expert,100%,(9),Australia,1 Hrs.
Programming & Tech,rating-circles star-rating-s12 rate-10,$70,Ecommerce,"French, English",I will set up a shopify Store,https://www.fiverr.com/manlymandesign/set-up-a-shopify-store,manlymandesign,99%,(9),Morocco,2 Hrs.
Programming & Tech,rating-circles star-rating-s12 rate-10,$5,Ecommerce,English,"I will design or develop an online shopify store,  shopify website",https://www.fiverr.com/rabiaali/design-and-customize-an-online-store-on-shopify,rabiaali,100%,(25),Pakistan,1 Hrs.
Programming & Tech,rating-circles star-rating-s12 rate-10,$5,Ecommerce,English,I will do maintenance of your ecommerce website based on any cms,https://www.fiverr.com/itwebdevs/do-maintenance-of-your-ecommerce-website-based-on-any-cms,itwebdevs,100%,(31),Pakistan,1 Hrs.
Programming & Tech,rating-circles star-rating-s12 rate-10,$5,Ecommerce,English,"I will design shopify store,ecommerce store,shopify website",https://www.fiverr.com/areesha_irfan/design-shopify-store-ecommerce-store-shopify-website,areesha_irfan,100%,(11),Australia,1 Hrs.
Programming & Tech,rating-circles star-rating-s12 rate-10,$25,Ecommerce,"English, French, Arabic",I will install fix and customize Prestashop,https://www.fiverr.com/yousseftouati/install-configure-and-fix-prestashop,yousseftouati,99%,(258),Tunisia,4 Hrs.
Programming & Tech,rating-circles star-rating-s12 rate-10,$5,Ecommerce,English,"I will make beautiful shopify website, shopify store",https://www.fiverr.com/shiza_developer/make-beautiful-shopify-website-shopify-store,shiza_developer,100%,(20),Pakistan,1 Hrs.
Programming & Tech,rating-circles star-rating-s12 rate-9,$60,Ecommerce,English,I will make Ecommerce store in OPENCART,https://www.fiverr.com/shabirbhat/make-ecommerce-store-in-opencart,shabirbhat,98%,(32),India,1 Hrs.
Programming & Tech,rating-circles star-rating-s12 rate-10,$5,Ecommerce,English (uk),"I will create a professional shopify store, shopify website",https://www.fiverr.com/sadi_websol/create-a-professional-shopify-store-shopify-website,sadi_websol,99%,(36),United Kingdom,2 Hrs.
Programming & Tech,rating-circles star-rating-s12 rate-10,$5,Ecommerce,"English, Urdu, Panjabi, Hindi",I will design and develop shopify ECommerce store,https://www.fiverr.com/chyasirraza/import-products-via-csv-file-into-your-shopify-or-prestashop,chyasirraza,98%,(15),Pakistan,4 Hrs.
Programming & Tech,rating-circles star-rating-s12 rate-10,$5,Ecommerce,English,I will create PROFESSIONAL shopify store,https://www.fiverr.com/ahsonraza/create-professional-shopify-store-e8966a02-ec0b-484e-bdb5-b3d59d5aacd8,ahsonraza,100%,(25),Pakistan,1 Hrs.
Digital Marketing,rating-circles star-rating-s12 rate-10,$5,Local Listings,"Bengali, English (uk), Hindi",I will do 100 High DA citations for any country,https://www.fiverr.com/iqbal1jnu/do-30-high-da-citations-for-any-country,iqbal1jnu,100%,(22),Bangladesh,10 Hrs.
Digital Marketing,rating-circles star-rating-s12 rate-10,$5,Local Listings,English,I will create 300 point local google map listing aaa SEO,https://www.fiverr.com/ehsanul_bashar/create-300-point-local-google-map-listing-aaa-seo,ehsanul_bashar,100%,(14),Bangladesh,7 Hrs.
Digital Marketing,rating-circles star-rating-s12 rate-10,$15,Local Listings,English,I will be your Craigslist Ad Manager,https://www.fiverr.com/slbiznetwork/be-your-personal-assistant,slbiznetwork,100%,(1),United States,1 Hrs.
Digital Marketing,rating-circles star-rating-s12 rate-10,$30,Local Listings,English,I will do Local Marketing for your Local Business,https://www.fiverr.com/donna_co/do-local-marketing-for-your-local-business,donna_co,99%,(1),United States,1 Hrs.
Digital Marketing,rating-circles star-rating-s12 rate-10,$5,Local Listings,English,I will create and or Optimize Your Google My Business Local Listing,https://www.fiverr.com/lashay8993/create-and-or-optimize-your-google-my-business-local-listing,lashay8993,100%,(3),United States,8 Hrs.
Digital Marketing,rating-circles star-rating-s12 rate-10,$5,Local Listings,"German, French, English",I will do 65 France web directory submissions,https://www.fiverr.com/bellacrews/do-55-france-high-pr-web-directory-submissions,bellacrews,99%,(24),France,2 Days
Digital Marketing,rating-circles star-rating-s12 rate-10,$5,Local Listings,English,I will manually create 50 Local Australia Citation,https://www.fiverr.com/auseoservices/manually-create-40-local-australia-citation,auseoservices,99%,(21),Australia,5 Days
Digital Marketing,rating-circles star-rating-s12 rate-10,$10,Local Listings,English,I will create 100 Google maps for your business,https://www.fiverr.com/mamunjuel/create-100-google-my-maps,mamunjuel,100%,(8),Bangladesh,2 Hrs.
Digital Marketing,rating-circles star-rating-s12 rate-10,$5,Local Listings,"Bengali, English",I will do 25 United Kingdom Live Local Listings,https://www.fiverr.com/anikbdkst/do-25-united-kingdom-live-local-listings,anikbdkst,100%,(23),Bangladesh,1 Hrs.
Digital Marketing,rating-circles star-rating-s12 rate-10,$5,Local Listings,"English, Urdu",I will create 40 UK Local Citations Building,https://www.fiverr.com/mahmedsaeedi/50-local-citations-manually-in-top-site,mahmedsaeedi,98%,(15),Pakistan,1 Hrs.
Digital Marketing,rating-circles star-rating-s12 rate-10,$5,Local Listings,Spanish,I will do 61 local UK citations to improve serp result,https://www.fiverr.com/shavondasevill/do-61-local-uk-citations-to-improve-serp-result,shavondasevill,100%,(15),United Kingdom,12 Hrs.
Digital Marketing,rating-circles star-rating-s12 rate-10,$5,Local Listings,"English, Hindi",I will create a google places listing for your business,https://www.fiverr.com/mohsin96/create-a-google-places-listing-for-your-business,mohsin96,98%,(161),India,1 Hrs.
Digital Marketing,rating-circles star-rating-s12 rate-10,$5,Local Listings,English,I will do local citation building on 40 Australian sites,https://www.fiverr.com/lisahemmings/do-local-citation-building-on-40-australian-sites,lisahemmings,100%,(29),Australia,18 Hrs.
Digital Marketing,rating-circles star-rating-s12 rate-10,$25,Local Listings,English,I will do 50 Google Map Citations for Local SEO,https://www.fiverr.com/jack_engineer/do-50-google-map-citations-for-local-seo,jack_engineer,100%,(1),Australia,13 Hrs.
Digital Marketing,rating-circles star-rating-s12 rate-10,$20,Local Listings,"English, Bengali",I will make a google my business page,https://www.fiverr.com/moklas/make-a-google-my-business-page,moklas,95%,(6),Bangladesh,1 Hrs.
Digital Marketing,rating-circles star-rating-s12 rate-10,$5,Local Listings,"Bengali, English (uk), Hindi",I will do 200 Live Citation For Local SEO,https://www.fiverr.com/iqbal1jnu/do-30-usa-local-citations,iqbal1jnu,100%,(9),Bangladesh,10 Hrs.
Digital Marketing,rating-circles star-rating-s12 rate-10,$5,Local Listings,English,I will find All Active Local Listing And Spy On 5 Competitors Citations,https://www.fiverr.com/sandynandal03/find-all-active-citations-plus-spy-on-top-5-competitors-citations,sandynandal03,98%,(48),India,3 Hrs.
Digital Marketing,rating-circles star-rating-s12 rate-10,$5,Local Listings,"English, Bengali, Hindi, Urdu",I will do HIgh Quality 20 business listing for Any Country,https://www.fiverr.com/iamlimon555/create-20-live-citation-at-any-country-in-the-world,iamlimon555,100%,(4),Bangladesh,1 Hrs.
Digital Marketing,rating-circles star-rating-s12 rate-10,$5,Local Listings,English,I will do 55 high DA Uk citation submissions manually,https://www.fiverr.com/ronnyparcell/do-45-uk-citations,ronnyparcell,96%,(5),United Kingdom,2 Days
Digital Marketing,rating-circles star-rating-s12 rate-10,$20,Local Listings,English,I will do instant Live Quality Citations aaa Local SEO,https://www.fiverr.com/alan_17/do-instant-live-quality-citations-aaa-local-seo,alan_17,100%,(1),United States,19 Hrs.
Digital Marketing,rating-circles star-rating-s12 rate-10,$5,Local Listings,,I will promote 20 MALAYSIA Live Local Citations For Your Business,https://www.fiverr.com/mousumi85/promote-20-malaysia-live-local-citations-for-your-business,mousumi85,97%,(21),United States,23 Hrs.
Digital Marketing,rating-circles star-rating-s12 rate-10,$5,Local Listings,English,I will do 50 unique german directory submissions,https://www.fiverr.com/timcoleman/do-50-unique-german-directory-submissions,timcoleman,99%,(19),Germany,17 Hrs.
Digital Marketing,rating-circles star-rating-s12 rate-9,$25,Local Listings,English,I will create Local Citations manually,https://www.fiverr.com/brittanyzabel/create-local-citations-manually,brittanyzabel,96%,(7),United States,6 Hrs.
Digital Marketing,rating-circles star-rating-s12 rate-9,$5,Local Listings,French,I will do 58 high DA french directory submissions,https://www.fiverr.com/matthemmings/do-58-high-da-french-directory-submissions,matthemmings,93%,(6),France,1 Day
Digital Marketing,rating-circles star-rating-s12 rate-10,$10,Local Listings,English,I will do 500 Google map point Listing Seo,https://www.fiverr.com/kashankashiii/do-300-google-map-point-listing-seo,kashankashiii,100%,(4),Oman,1 Hrs.
Digital Marketing,rating-circles star-rating-s12 rate-10,$10,Local Listings,English,I will do google listing on   map for all country,https://www.fiverr.com/citationking/do-google-listing-on-map-for-all-country,citationking,100%,(2),Bangladesh,5 Hrs.
Fun & Lifestyle,rating-circles star-rating-s12 rate-10,$5,Pranks & Stunts,English,I will hide my voice and call and record anyone and say anything,https://www.fiverr.com/judithmcb94/hide-my-voice-and-call-and-record-anyone-and-say-anything,judithmcb94,84%,(2),United States,2 Hrs.
Fun & Lifestyle,,$5,Pranks & Stunts,English,I will do a trick on rollerblades,https://www.fiverr.com/xwongx/do-a-trick-on-rollerblades,xwongx,100%,,United States,1 Hrs.
Fun & Lifestyle,,$5,Pranks & Stunts,English,I will give you a cool nickname,https://www.fiverr.com/chaci3/give-you-a-cool-nickname,chaci3,,,United States,17 Hrs.
Fun & Lifestyle,,$5,Pranks & Stunts,English,I will make 2 Funny Videos from your Image,https://www.fiverr.com/wwwritings/make-2-funny-videos-from-your-image,wwwritings,100%,,India,1 Hrs.
Fun & Lifestyle,,$5,Pranks & Stunts,"English, Hindi, Urdu",I will change any simple photo into makeup photo,https://www.fiverr.com/silkydoll55/change-any-simple-photo-into-makeup-photo,silkydoll55,,,Pakistan,3 Days
Fun & Lifestyle,rating-circles star-rating-s12 rate-6,$5,Pranks & Stunts,"English, Dutch",I will do crazy stuff on video prank some people maybe my gf,https://www.fiverr.com/derdael/do-crazy-stuff-on-video-not-inappropriate,derdael,47%,(2),Belgium,1 Hrs.
Fun & Lifestyle,rating-circles star-rating-s12 rate-10,$5,Pranks & Stunts,English,I will teach You 4 Professional Card Magic Tricks,https://www.fiverr.com/blowout_magic/teach-you-this-amazing-magic,blowout_magic,97%,(11),Israel,3 Days
Fun & Lifestyle,,$5,Pranks & Stunts,"English, Serbian",I will do any kind of challenge,https://www.fiverr.com/theyerd/do-any-kind-of-challenge,theyerd,100%,,Serbia,1 Day
Fun & Lifestyle,rating-circles star-rating-s12 rate-6,$10,Pranks & Stunts,"English, German","I will make video of your challenges, stunts, scripts",https://www.fiverr.com/kaysugar/take-your-dares-pranks-and-greetings,kaysugar,78%,(15),United States,4 Days
Fun & Lifestyle,rating-circles star-rating-s12 rate-10,$5,Pranks & Stunts,English,I will make fun of you and what you say,https://www.fiverr.com/ivorybun/make-fun-of-you-and-what-you-say,ivorybun,95%,(2),Australia,3 Hrs.
Fun & Lifestyle,,$5,Pranks & Stunts,English,I will do a video of me pouring beans over my head,https://www.fiverr.com/mrssly72/do-a-video-of-me-pouring-beans-over-my-head,mrssly72,99%,,South Africa,1 Hrs.
Fun & Lifestyle,,$15,Pranks & Stunts,English,I will pour a bucket of slime to myself,https://www.fiverr.com/pinky_santos/pour-a-bucket-of-slime-to-myself,pinky_santos,99%,,Philippines,9 Hrs.
Fun & Lifestyle,,$5,Pranks & Stunts,English,I will do any Stunt and Prank Within 24 hours,https://www.fiverr.com/lightning_laure/do-any-stunt-and-prank-within-24-hours,lightning_laure,60%,,United States,1 Hrs.
Fun & Lifestyle,rating-circles star-rating-s12 rate-10,$5,Pranks & Stunts,English,I will add realistic Vampire bite marks or fangs for 5 photos,https://www.fiverr.com/anushya/add-realistic-vampire-bite-marks-for-2-photos-for-this-halloween,anushya,98%,(1),India,3 Hrs.
Fun & Lifestyle,,$5,Pranks & Stunts,English,I will be your call agent and place any call on your behalf,https://www.fiverr.com/melaniegold/be-your-call-agent-and-place-any-call-on-your-behalf,melaniegold,100%,,Nigeria,3 Hrs.
Fun & Lifestyle,rating-circles star-rating-s12 rate-6,$10,Pranks & Stunts,"Spanish, English",I will war of painting and food,https://www.fiverr.com/jesuslucenacorp/war-of-painting-and-food,jesuslucenacorp,53%,(2),Venezuela,2 Hrs.
Fun & Lifestyle,,$5,Pranks & Stunts,English,I will call you on your birthday,https://www.fiverr.com/funnygod1/call-you-on-your-birthday,funnygod1,,,United States,20 Hrs.
Fun & Lifestyle,,$5,Pranks & Stunts,English,I will create 5 original jokes to roast and embarrass anyone,https://www.fiverr.com/brycecooney/create-5-original-jokes-to-roast-and-embarrass-anyone,brycecooney,,,United States,1 Hrs.
Fun & Lifestyle,rating-circles star-rating-s12 rate-6,$5,Pranks & Stunts,English,I will do anything you ask me to do for 5 bucks yo,https://www.fiverr.com/nathangoetten/do-anything-you-ask-me-to-do-for-5-bucks-yo,nathangoetten,60%,(2),United States,2 Hrs.
Fun & Lifestyle,,$5,Pranks & Stunts,English,I will do the song lyric prank on someone,https://www.fiverr.com/papapatriceeeee/do-the-song-lyric-prank-on-someone,papapatriceeeee,100%,,Philippines,2 Days
Fun & Lifestyle,,$5,Pranks & Stunts,English,I will text your friend a weird picture or video,https://www.fiverr.com/brooke17/send-your-friend-a-weird-picture-or-video,brooke17,,,United States,1 Hrs.
Fun & Lifestyle,,$5,Pranks & Stunts,English,I will do a handstand for a full minute,https://www.fiverr.com/benjaminwilson3/do-a-handstand-for-a-full-minute,benjaminwilson3,,,United States,1 Hrs.
Fun & Lifestyle,,$5,Pranks & Stunts,"English, Chinese",I will send your friend or enemy a glitter bomb card,https://www.fiverr.com/chinagirl/send-your-friend-or-enemy-a-glitter-bomb-card,chinagirl,97%,,United States,2 Days
Fun & Lifestyle,,$5,Pranks & Stunts,English,I will do a flip on rollerblades,https://www.fiverr.com/xwongx/do-a-flip-on-rollerblades,xwongx,100%,,United States,1 Hrs.
Fun & Lifestyle,,$5,Pranks & Stunts,English,I will mail a picture of via first class mail in COLOR,https://www.fiverr.com/bpcfix777/mail-a-picture-of-via-first-class-mail-in-color,bpcfix777,99%,,United States,4 Hrs.
Graphics & Design,rating-circles star-rating-s12 rate-10,$5,Illustration,"English, Spanish, Portuguese (brasil)",I will design a customized profile avatar of you or your friends,https://www.fiverr.com/gabriel0013/design-a-customized-profile-avatar-of-you-or-your-friends-bfec34cf-fc78-4ed3-80be-2a5a08ffa08f,gabriel0013,99%,(100),Venezuela,2 Hrs.
Graphics & Design,rating-circles star-rating-s12 rate-10,$5,Illustration,English,I will draw amazing illustration with unique style,https://www.fiverr.com/wikured/draw-amazing-outline-line-art-and-line-drawing-of-anything,wikured,100%,(23),Indonesia,1 Hrs.
Graphics & Design,rating-circles star-rating-s12 rate-10,$15,Illustration,English,I will create a vector art portrait black and white,https://www.fiverr.com/saratm/create-a-vector-art-portrait-black-and-white-8e3f225e-742b-48e5-9d27-8e89f1a69c75,saratm,98%,(43),India,1 Hrs.
Graphics & Design,rating-circles star-rating-s12 rate-9,$5,Illustration,"English, Urdu",I will do any Technical Drawing,https://www.fiverr.com/muhammadnaveel/do-any-techincal-illustration,muhammadnaveel,93%,(203),Pakistan,1 Hrs.
Graphics & Design,rating-circles star-rating-s12 rate-10,$5,Illustration,English,I will create any illustrations work for you,https://www.fiverr.com/rico90/create-cute-children-illustrations-for-you,rico90,99%,(38),Indonesia,2 Hrs.
Graphics & Design,rating-circles star-rating-s12 rate-10,$5,Illustration,"English, German",I will draw utility and design patent drawings,https://www.fiverr.com/alexcretu/draw-utility-and-design-patent-illustrations,alexcretu,100%,(24),Romania,1 Hrs.
Graphics & Design,rating-circles star-rating-s12 rate-10,$5,Illustration,English,I will illustrate a simple vector character or object,https://www.fiverr.com/donnalaw/create-a-simple-vector-character-with-one-revision,donnalaw,99%,(590),United Kingdom,2 Days
Graphics & Design,rating-circles star-rating-s12 rate-10,$5,Illustration,English,I will illustrate anything from LineArt to STORYBOOK,https://www.fiverr.com/graphicriver_/design-cute-children-illustrations,graphicriver_,100%,(64),United Kingdom,6 Hrs.
Graphics & Design,rating-circles star-rating-s12 rate-10,$5,Illustration,English,I will draw comic strip for you,https://www.fiverr.com/yunias22/draw-comic-strip-for-you,yunias22,98%,(622),Indonesia,4 Hrs.
Graphics & Design,rating-circles star-rating-s12 rate-10,$10,Illustration,"Portuguese (brasil), English","I will do illustrations for  books, newspapers or magazines",https://www.fiverr.com/maxtrella/do-illustrations-for-books-newspapers-or-magazines,maxtrella,98%,(84),Brazil,10 Hrs.
Graphics & Design,rating-circles star-rating-s12 rate-10,$5,Illustration,English,I will create an Awesome Custom Coffee Mug Design,https://www.fiverr.com/simplybright/create-awesome-custom-coffee-mug-design,simplybright,100%,(23),United States,1 Hrs.
Graphics & Design,rating-circles star-rating-s12 rate-10,$5,Illustration,English,I will illustrate anything all you need,https://www.fiverr.com/ao_creative/illustrate-anything-all-you-need,ao_creative,100%,(20),Indonesia,5 Hrs.
Graphics & Design,rating-circles star-rating-s12 rate-10,$5,Illustration,English,I will illustrate an Awesome 4 Panels Storyboard,https://www.fiverr.com/hiraarshad/illustrate-and-awesome-4-panels-storyboard,hiraarshad,97%,(195),United States,2 Hrs.
Graphics & Design,rating-circles star-rating-s12 rate-10,$5,Illustration,"English, Urdu",I will do children books illustrations,https://www.fiverr.com/kattyhenz/do-children-books-or-scrap-books-illustrations,kattyhenz,100%,(86),Pakistan,2 Hrs.
Graphics & Design,rating-circles star-rating-s12 rate-10,$5,Illustration,English,"I will draw outline, line art and line drawing of anything",https://www.fiverr.com/indraama/draw-outline-line-art-and-line-drawing-of-anything,indraama,99%,(22),Indonesia,1 Hrs.
Graphics & Design,rating-circles star-rating-s12 rate-10,$5,Illustration,English,I will do any kind of illustration work,https://www.fiverr.com/illustrationru/do-any-kind-of-illustration-work,illustrationru,97%,(44),Sri Lanka,4 Hrs.
Graphics & Design,rating-circles star-rating-s12 rate-10,$10,Illustration,English,I will make  beautiful illustration in my artistic style,https://www.fiverr.com/gottberg/make-beautiful-illustrations-for-your-children-book,gottberg,99%,(25),Venezuela,4 Hrs.
Graphics & Design,rating-circles star-rating-s12 rate-10,$15,Illustration,"English, Italian, Russian","I will draw a pencil,ink or color illustration",https://www.fiverr.com/mariamirabella/do-graphite-pencil-illustration-in-only-one-day,mariamirabella,99%,(94),Russia,4 Hrs.
Graphics & Design,rating-circles star-rating-s12 rate-10,$5,Illustration,"English, Spanish, Tamil, Hindi","I will create fashion illustrations, designs and sketch",https://www.fiverr.com/nivimady/create-fashion-illustration-and-sketch,nivimady,92%,(19),India,1 Hrs.
Graphics & Design,rating-circles star-rating-s12 rate-10,$5,Illustration,"English, Indonesian",I will create your photo into WPAP style,https://www.fiverr.com/dansamaputera/create-your-photo-into-wpap-style,dansamaputera,97%,(32),Indonesia,2 Hrs.
Graphics & Design,rating-circles star-rating-s12 rate-10,$5,Illustration,"English, Indonesian, Malay",I will do anything illustrator job,https://www.fiverr.com/cromanic/do-anything-illustrator-job,cromanic,99%,(37),Indonesia,1 Hrs.
Graphics & Design,rating-circles star-rating-s12 rate-10,$10,Illustration,English,I will paint a Professional Illustration,https://www.fiverr.com/shinji2602/paint-a-concept-of-anything-you-like,shinji2602,99%,(285),Vietnam,7 Hrs.
Graphics & Design,rating-circles star-rating-s12 rate-10,$5,Illustration,English,I will create an illustration for your blog or article,https://www.fiverr.com/promethea/create-a-custom-illustration-for-your-blog-post-or-article,promethea,100%,(192),Poland,13 Hrs.
Graphics & Design,rating-circles star-rating-s12 rate-10,$15,Web & Mobile Design,"English, Urdu",I will design responsive landing page in 15 hours,https://www.fiverr.com/zazi_developer/design-responsive-landing-page-in-15-hours,zazi_developer,99%,(22),Pakistan,1 Hrs.
Graphics & Design,rating-circles star-rating-s12 rate-10,$35,Web & Mobile Design,"English (uk), English",I will do a 15 flat icons for you,https://www.fiverr.com/zaldyfernandez/do-a-30-two-tone-icon-set-for-you,zaldyfernandez,98%,(274),Philippines,1 Hrs.
Graphics & Design,rating-circles star-rating-s12 rate-10,$10,Web & Mobile Design,"English (uk), Hindi, Gujarati",I will design Awesome ui and ux for your Mobile or Tablet,https://www.fiverr.com/pxelsperfect/design-awesome-ux-and-ui-of-your-mobile-app,pxelsperfect,100%,(16),India,3 Hrs.
Graphics & Design,rating-circles star-rating-s12 rate-10,$25,Web & Mobile Design,English,I will build a Mobile App for you,https://www.fiverr.com/ttzachii/build-a-mobile-app,ttzachii,100%,(43),Israel,12 Hrs.
Graphics & Design,rating-circles star-rating-s12 rate-10,$100,Web & Mobile Design,English,I will develop ATTRACTIVE eCommerce websites,https://www.fiverr.com/sartaj_aziz/develop-attractive-ecommerce-websites,sartaj_aziz,95%,(9),Pakistan,1 Hrs.
Graphics & Design,rating-circles star-rating-s12 rate-10,$5,Web & Mobile Design,English,I will design Stunning App icon,https://www.fiverr.com/render_house/design-stunning-app-icon,render_house,98%,(67),India,1 Hrs.
Graphics & Design,rating-circles star-rating-s12 rate-10,$25,Web & Mobile Design,,I will design and create pages in HubSpot,https://www.fiverr.com/anytohtml/design-and-create-pages-in-hubspot,anytohtml,100%,(28),India,5 Hrs.
Graphics & Design,rating-circles star-rating-s12 rate-10,$15,Web & Mobile Design,"English, Urdu",I will design app and game Icons Limited offer of 2017,https://www.fiverr.com/xahidstudio/design-app-and-game-icons,xahidstudio,98%,(17),Pakistan,1 Hrs.
Graphics & Design,rating-circles star-rating-s12 rate-10,$5,Web & Mobile Design,"English, Spanish",I will create Professional  Web TEMPLATE and Convert Psd to Html or Css,https://www.fiverr.com/qdesignvision/create-professional-web-template-convert-psd-to-html-or-css,qdesignvision,97%,(16),Pakistan,1 Hrs.
Graphics & Design,rating-circles star-rating-s12 rate-10,$5,Web & Mobile Design,"English, Panjabi",I will design SPLASH screen to your app,https://www.fiverr.com/rupindersingh/design-splash-screen-for-ios-app,rupindersingh,98%,(222),India,2 Hrs.
Graphics & Design,rating-circles star-rating-s12 rate-9,$5,Web & Mobile Design,English,I will design gorgeous UI for your app,https://www.fiverr.com/bogdanovskia/design-gorgeous-ui-for-your-app,bogdanovskia,97%,(81),Macedonia [FYROM],5 Hrs.
Graphics & Design,rating-circles star-rating-s12 rate-10,$95,Web & Mobile Design,"English, Russian, Ukrainian",I will design a professional website for your business,https://www.fiverr.com/yuliia_mack/design-a-professional-website-for-your-business,yuliia_mack,100%,(8),Ukraine,12 Hrs.
Graphics & Design,rating-circles star-rating-s12 rate-10,$30,Web & Mobile Design,English,I will design and maintain any category of WEBSITE,https://www.fiverr.com/adamsjane007/create-and-maintain-any-category-of-website,adamsjane007,99%,(10),United States,1 Hrs.
Graphics & Design,rating-circles star-rating-s12 rate-9,$50,Web & Mobile Design,English,I will design a professional and extemporary website for your brand,https://www.fiverr.com/craftedium_/design-a-super-attractive-website-design-on-any-format,craftedium_,96%,(14),United States,1 Hrs.
Graphics & Design,rating-circles star-rating-s12 rate-10,$10,Web & Mobile Design,"English, Russian",I will create beautiful icons for your website or app,https://www.fiverr.com/vlgluhovskiy/create-beautiful-icons-for-your-website-or-app,vlgluhovskiy,99%,(80),Ukraine,3 Hrs.
Graphics & Design,rating-circles star-rating-s12 rate-10,$5,Web & Mobile Design,English,I will do professional website PSD template,https://www.fiverr.com/ikdulal/do-professional-web-psd-template,ikdulal,98%,(52),Bangladesh,1 Hrs.
Graphics & Design,rating-circles star-rating-s12 rate-10,$5,Web & Mobile Design,English,I will build a unique and responsive website design,https://www.fiverr.com/kreativemind08/build-a-unique-and-responsive-website-design,kreativemind08,99%,(22),United Kingdom,1 Hrs.
Graphics & Design,rating-circles star-rating-s12 rate-10,$5,Web & Mobile Design,English,I will create an attractive and professional wix website,https://www.fiverr.com/violetb/create-an-attractive-and-professional-wix-website,violetb,98%,(80),Bulgaria,10 Hrs.
Graphics & Design,rating-circles star-rating-s12 rate-10,$20,Web & Mobile Design,English,I will do dashboard design for your application in 48hr,https://www.fiverr.com/shelley_shaw/do-dashboard-design-for-your-application-in-24hr,shelley_shaw,98%,(5),India,1 Hrs.
Graphics & Design,rating-circles star-rating-s12 rate-10,$5,Invitations,English,I will design a super professional event ticket,https://www.fiverr.com/uniquegrafix/design-a-super-professional-event-ticket?context=adv.cat_3.subcat_153&context_type=rating&source=gallery-listing&ref_ctx_id=51da67bc-7cdb-4f5b-92bf-9ef589c066f9&filtered_price=&pckg_id=1&pos=38&funnel=d2638fde-a07a-4bca-889a-4d6198fce204,uniquegrafix,99%,(107),Pakistan,2 Hrs.
Graphics & Design,rating-circles star-rating-s12 rate-9,$5,Invitations,English,I will design outstanding and elegant invitation cards,https://www.fiverr.com/rizvi_memon/design-outstanding-and-elegant-invitation-cards?context=adv.cat_3.subcat_153&context_type=rating&source=gallery-listing&ref_ctx_id=51da67bc-7cdb-4f5b-92bf-9ef589c066f9&filtered_price=&pckg_id=1&pos=6&funnel=d2638fde-a07a-4bca-889a-4d6198fce204,rizvi_memon,97%,(75),Pakistan,5 Hrs.
Graphics & Design,rating-circles star-rating-s12 rate-10,$5,Invitations,English,"I will design a greeting card, postcard or invitation in 24hrs",https://www.fiverr.com/jenna_summers93/design-a-valentines-day-card-in-24hrs?context=adv.cat_3.subcat_153&context_type=rating&source=gallery-listing&ref_ctx_id=51da67bc-7cdb-4f5b-92bf-9ef589c066f9&filtered_price=&pckg_id=1&pos=33&funnel=d2638fde-a07a-4bca-889a-4d6198fce204,jenna_summers93,100%,(11),United States,1 Hrs.
Graphics & Design,rating-circles star-rating-s12 rate-9,$5,Invitations,English,I will design beautiful wedding invitation,https://www.fiverr.com/wantofrank/design-wedding-invitation-just-for-you?context=adv.cat_3.subcat_153&context_type=rating&source=gallery-listing&ref_ctx_id=51da67bc-7cdb-4f5b-92bf-9ef589c066f9&filtered_price=&pckg_id=1&pos=20&funnel=d2638fde-a07a-4bca-889a-4d6198fce204,wantofrank,95%,(17),Indonesia,1 Hrs.
Graphics & Design,rating-circles star-rating-s12 rate-9,$10,Invitations,English,I will create amazing baby shower,https://www.fiverr.com/maraveiler/do-baby-shower-and-baptism-invitations?context=adv.cat_3.subcat_153&context_type=rating&source=gallery-listing&ref_ctx_id=51da67bc-7cdb-4f5b-92bf-9ef589c066f9&filtered_price=&pckg_id=1&pos=48&funnel=d2638fde-a07a-4bca-889a-4d6198fce204,maraveiler,94%,(18),Romania,10 Hrs.
Graphics & Design,rating-circles star-rating-s12 rate-10,$5,Invitations,"English, Tagalog",I will do your themed birthday invitation,https://www.fiverr.com/docscreatives/do-your-themed-birthday-invitation?context=adv.cat_3.subcat_153&context_type=rating&source=gallery-listing&ref_ctx_id=51da67bc-7cdb-4f5b-92bf-9ef589c066f9&filtered_price=&pckg_id=1&pos=22&funnel=d2638fde-a07a-4bca-889a-4d6198fce204,docscreatives,99%,(28),Philippines,3 Hrs.
Graphics & Design,rating-circles star-rating-s12 rate-9,$5,Invitations,"English, Sinhala, sinhalese, Spanish",I will design awesome invitations within 1 hr,https://www.fiverr.com/udyani12/design-invitation-cards-within-1-hour-express,udyani12,95%,(36),Sri Lanka,1 Hrs.
Programming & Tech,rating-circles star-rating-s12 rate-10,$5,Ecommerce,English,I will add 75 products to your Shopify Store,https://www.fiverr.com/jtronics80/add-100-products-using-oberlo-on-shopify,jtronics80,99%,(32),United States,2 Hrs.
Programming & Tech,rating-circles star-rating-s12 rate-10,$5,Ecommerce,"English, Bengali",I will create professional eCommerce website,https://www.fiverr.com/coreprogrammer/fix-any-woo-commerce-issue,coreprogrammer,96%,(11),Bangladesh,1 Hrs.
Programming & Tech,rating-circles star-rating-s12 rate-10,$60,Ecommerce,"English, Urdu, Hindi",I will create a awesome Shopify or Bigcommerce store,https://www.fiverr.com/khizarm/make-your-images-background-transparent,khizarm,98%,(26),Pakistan,1 Hrs.
Programming & Tech,rating-circles star-rating-s12 rate-10,$25,Ecommerce,English,I will create an awesome store for you in Shopify,https://www.fiverr.com/websites_master/create-an-awesome-store-for-you-in-shopify,websites_master,100%,(4),Pakistan,5 Hrs.
Programming & Tech,rating-circles star-rating-s12 rate-10,$5,Ecommerce,English,I will fix any Opencart issue,https://www.fiverr.com/shabirbhat/fix-any-opencart-issue-753b8955-c2d3-4367-84ef-8630a59c980c,shabirbhat,98%,(317),India,1 Hrs.
Programming & Tech,rating-circles star-rating-s12 rate-10,$5,Ecommerce,"English, French, Arabic",I will solve any problem of your prestashop website,https://www.fiverr.com/taoufiqaitali/solve-any-problem-of-your-prestashop-website,taoufiqaitali,99%,(312),United States,8 Hrs.
Programming & Tech,rating-circles star-rating-s12 rate-10,$80,Ecommerce,"English, Spanish, French",I will create drop shipping shopify store using oberlo,https://www.fiverr.com/kiranaini/create-drop-shipping-shopify-store,kiranaini,98%,(12),Pakistan,6 Hrs.
Programming & Tech,rating-circles star-rating-s12 rate-10,$5,Ecommerce,"English, Urdu, Panjabi",I will fix all your Shopify Store Problems,https://www.fiverr.com/shahaan/fix-all-your-shopify-store-problems,shahaan,99%,(68),Pakistan,1 Hrs.
Programming & Tech,rating-circles star-rating-s12 rate-10,$5,Ecommerce,"English, English (uk)","I will do product listing on Amazon, eBay, Shopify, Magento",https://www.fiverr.com/sajibwap/do-product-listing-on-woocommerce-amazon-ebay-shopify,sajibwap,100%,(40),Bangladesh,5 Hrs.
Programming & Tech,rating-circles star-rating-s12 rate-10,$5,Ecommerce,English,I will fix shopify issue and customize shopify,https://www.fiverr.com/shabirbhat/do-customize-and-fix-shopify-for-you,shabirbhat,98%,(15),India,1 Hrs.
Programming & Tech,rating-circles star-rating-s12 rate-10,$25,Ecommerce,English,I will add 100 Products to Shopify by Oberlo,https://www.fiverr.com/pofknure/be-your-virtual-assistant-for-2-hours,pofknure,98%,(16),Pakistan,1 Hrs.
Programming & Tech,rating-circles star-rating-s12 rate-10,$10,Ecommerce,"English, Urdu",I will upload the product to woo commerce manually eCommerce,https://www.fiverr.com/usmankaka08/upload-the-product-to-woo-commerce-manually,usmankaka08,99%,(47),Pakistan,1 Hrs.
Programming & Tech,rating-circles star-rating-s12 rate-10,$5,Ecommerce,"English, Urdu, Hindi, Bengali",I will add 100 products to your Magento site,https://www.fiverr.com/linarehman/add-130-products-to-your-magento-site,linarehman,98%,(15),Bangladesh,2 Hrs.
Programming & Tech,rating-circles star-rating-s12 rate-10,$5,Ecommerce,English,I will develop eCommerce Website Online Store,https://www.fiverr.com/x_expert/develop-an-ecommerce-website-online-store-or-webstore,x_expert,100%,(17),United States,8 Hrs.
Programming & Tech,rating-circles star-rating-s12 rate-10,$5,Ecommerce,"English, Bengali, Hindi",I will add or upload products on your website or Ecommerce Shop,https://www.fiverr.com/mr_sonnet/add-or-upload-products-on-your-website-or-online-store,mr_sonnet,100%,(10),Bangladesh,2 Hrs.
Programming & Tech,rating-circles star-rating-s12 rate-10,$5,Ecommerce,English,I will fix Shopify bugs and customize Shopify store,https://www.fiverr.com/kazirasel07/fix-shopify-bugs-and-customize-shopify-store,kazirasel07,99%,(105),Bangladesh,3 Hrs.
Programming & Tech,rating-circles star-rating-s12 rate-10,$5,Ecommerce,"Hindi, English",I will do all round service in Bigcommerce,https://www.fiverr.com/jyotisman/create-ecommerce-site-with-bigcommerce,jyotisman,96%,(120),India,1 Hrs.
Programming & Tech,rating-circles star-rating-s12 rate-10,$105,Ecommerce,"English, Urdu","I will create, Customize your Ecommerce  Site, themes, plugins",https://www.fiverr.com/atique_khan/do-php-coding-and-complete-website-building,atique_khan,98%,(23),Pakistan,1 Hrs.
Programming & Tech,rating-circles star-rating-s12 rate-10,$5,Ecommerce,"Spanish, English",I will create the BEST shopify store,https://www.fiverr.com/mcmillan21/create-the-best-shopify-store,mcmillan21,92%,(5),Jamaica,1 Hrs.
Programming & Tech,rating-circles star-rating-s12 rate-10,$150,Ecommerce,English,I will design eye catching shopify store for you,https://www.fiverr.com/sophia_zoe/design-eye-catching-shopify-store-for-you,sophia_zoe,97%,(5),United States,3 Hrs.
Programming & Tech,rating-circles star-rating-s12 rate-10,$5,Ecommerce,English,"I will do shopify website, shopify store, eCommerce store, shopify",https://www.fiverr.com/shiza_developer/do-shopify-website-shopify-store-ecommerce-store-shopify,shiza_developer,100%,(7),Pakistan,1 Hrs.
Programming & Tech,rating-circles star-rating-s12 rate-10,$40,Ecommerce,"English, Urdu",I will design a professional shopify store,https://www.fiverr.com/arslan452/design-a-professional-shopify-store-1d07a5a1-5df7-441b-bc54-ae7e93a324e7,arslan452,100%,(15),Pakistan,1 Hrs.
Programming & Tech,rating-circles star-rating-s12 rate-9,$5,Ecommerce,English,I will design An eCommerce Website Online Store,https://www.fiverr.com/estore_pro/create-a-professional-ecommerce-store-website,estore_pro,98%,(19),Unknown,8 Hrs.
Programming & Tech,rating-circles star-rating-s12 rate-10,$5,Ecommerce,English,I will customize or create a shopify store,https://www.fiverr.com/sharpbrain/customize-or-create-a-shopify-store,sharpbrain,98%,(13),India,1 Hrs.
Programming & Tech,rating-circles star-rating-s12 rate-9,$5,Ecommerce,English,I will setup Shopify website and do customization,https://www.fiverr.com/alamin2it/setup-shopify-website-and-do-customization,alamin2it,96%,(126),Bangladesh,3 Hrs.
Programming & Tech,rating-circles star-rating-s12 rate-10,$5,Ecommerce,English,I will add Dropship Products From Aliexpress,https://www.fiverr.com/chowdhurysonika/add-dropship-products-from-aliexpress,chowdhurysonika,100%,(25),Bangladesh,4 Hrs.
Digital Marketing,rating-circles star-rating-s12 rate-2,$5,Local Listings,English,I will create a 1000 point local google map listing aaa SEO,https://www.fiverr.com/besstt_seo/create-a-1000-point-local-google-map-listing-aaa-seo,besstt_seo,20%,(1),Italy,1 Hrs.
Digital Marketing,rating-circles star-rating-s12 rate-10,$5,Local Listings,English,I will do 15 LIVE France Local Citations,https://www.fiverr.com/taslima1966/do-20-live-france-local-citations,taslima1966,100%,(2),Bangladesh,5 Hrs.
Digital Marketing,rating-circles star-rating-s12 rate-10,$10,Local Listings,English,I will do Google map Citation with local directory for UK Business,https://www.fiverr.com/khzahid75/do-30-uk-local-listing-for-your-local-business,khzahid75,99%,(46),Bangladesh,2 Hrs.
Digital Marketing,rating-circles star-rating-s12 rate-10,$5,Local Listings,"English, English (uk)",I will spy Your competitors Seo and Ppc Keywords,https://www.fiverr.com/digitallondon/spy-your-competitors-seo-and-ppc-keywords,digitallondon,95%,(1),United Kingdom,1 Hrs.
Digital Marketing,rating-circles star-rating-s12 rate-9,$10,Local Listings,English,I will do Top 20 Local listing for any country,https://www.fiverr.com/citationdoctor/do-top-20-local-listing-for-any-country,citationdoctor,97%,(5),Bangladesh,1 Hrs.
Digital Marketing,rating-circles star-rating-s12 rate-9,$5,Local Listings,English,I will do USA local citations,https://www.fiverr.com/debraboyd/do-local-citation-for-seo,debraboyd,89%,(7),United States,20 Hrs.
Digital Marketing,rating-circles star-rating-s12 rate-10,$10,Local Listings,"English, Spanish, Bengali",I will do Highly Optimized Google local map citations or business listing MANUALLY,https://www.fiverr.com/topniches/manually-submit-your-business-to-200-local-usa-directory-high-pr-sites,topniches,99%,(1),Bangladesh,1 Hrs.
Digital Marketing,rating-circles star-rating-s12 rate-10,$5,Local Listings,English,I will manually create 20 canada live listing,https://www.fiverr.com/ponkoznondy/manually-create-20-canada-live-listing,ponkoznondy,100%,(4),Bangladesh,1 Hrs.
Digital Marketing,rating-circles star-rating-s12 rate-10,$5,Local Listings,"English, Bengali",I will do 30 Citation For All Country,https://www.fiverr.com/sayeem1998/do-25-citation-for-all-country,sayeem1998,97%,(1),Bangladesh,8 Hrs.
Digital Marketing,rating-circles star-rating-s12 rate-10,$20,Local Listings,English,I will do 175 USA Local listing for your website,https://www.fiverr.com/gj2005ster/do-200-local-listing-for-your-website,gj2005ster,77%,(1),India,2 Hrs.
Digital Marketing,rating-circles star-rating-s12 rate-10,$5,Local Listings,English,I will find Hundreds Of Local Listing Sites and Directories Using Whitespark Tool,https://www.fiverr.com/sandynandal03/find-hundreds-of-citations-sources-with-whitespark-local-citation-tool,sandynandal03,98%,(24),India,3 Hrs.
Digital Marketing,rating-circles star-rating-s12 rate-10,$5,Local Listings,English,I will build 50 Aussie business citations manually,https://www.fiverr.com/pamelabell/do-40-local-business-citations-building,pamelabell,99%,(11),Australia,9 Hrs.
Digital Marketing,rating-circles star-rating-s12 rate-10,$20,Local Listings,English,I will do 100 Unique Live Citations for Local SEO,https://www.fiverr.com/amanda_monaco18/do-100-unique-live-citations-for-local-seo,amanda_monaco18,100%,(1),United States,22 Hrs.
Digital Marketing,rating-circles star-rating-s12 rate-9,$10,Local Listings,English,I will do 25 google map citation for your website,https://www.fiverr.com/jameswebexperts/do-25-google-map-citation-for-your-website,jameswebexperts,96%,(7),India,11 Hrs.
Digital Marketing,rating-circles star-rating-s12 rate-10,$5,Local Listings,English,I will do 20 UK Local Business Citations,https://www.fiverr.com/privatework99/do-20-uk-local-business-citations,privatework99,100%,(18),Bangladesh,2 Hrs.
Digital Marketing,rating-circles star-rating-s12 rate-10,$5,Local Listings,English,I will do 1000 point google map Citation aaa SEO,https://www.fiverr.com/miss_allison/do-1000-point-google-map-listing-aaa-seo,miss_allison,93%,(2),United States,6 Hrs.
Digital Marketing,rating-circles star-rating-s12 rate-9,$5,Local Listings,"English, Urdu, Hindi",I will create 35 Canadian Citation Canada Business listings,https://www.fiverr.com/wingersolutions/do-30-canadian-citation100-percent-accurate-nap,wingersolutions,93%,(38),Pakistan,2 Hrs.
Digital Marketing,rating-circles star-rating-s12 rate-10,$15,Local Listings,English,I will create 30 Niche Citations,https://www.fiverr.com/williamfrank/create-15-niche-citations,williamfrank,100%,(31),United States,1 Hrs.
Digital Marketing,rating-circles star-rating-s12 rate-10,$15,Local Listings,English,"I will do Best local Citations, Google Places listing",https://www.fiverr.com/tohidarefin/do-local-citations-google-places-listing,tohidarefin,100%,(4),Bangladesh,2 Hrs.
Digital Marketing,rating-circles star-rating-s12 rate-10,$5,Local Listings,"English, French, Spanish, Portuguese (brasil)",I will build top Local Citations or Listing,https://www.fiverr.com/aamir122/local-business-listing-citations,aamir122,99%,(25),Pakistan,1 Hrs.
Digital Marketing,rating-circles star-rating-s12 rate-10,$5,Local Listings,English,I will create 30 local Citation for local SEO,https://www.fiverr.com/bestseller9/create-25-local-citation-for-local-seo,bestseller9,99%,(14),Bangladesh,1 Hrs.
Digital Marketing,rating-circles star-rating-s12 rate-10,$5,Local Listings,"English, Bengali, Hindi",I will manually Create 30 live citation for local UK business,https://www.fiverr.com/seo_citation_ba/manually-craete-80-live-citation-for-local-uk-business,seo_citation_ba,99%,(45),Bangladesh,1 Hrs.
Programming & Tech,rating-circles star-rating-s12 rate-10,$5,QA,"English, Hindi",I will complete functionality test plus usability test,https://www.fiverr.com/poojasharmakec/complete-functionality-test-plus-usability-test?context=adv.cat_10.subcat_145&context_type=rating&source=gallery-listing&ref_ctx_id=f4541cef-a413-42a7-96dd-74d979e3c0f1&filtered_price=&pckg_id=1&pos=15&funnel=5db3439e-be5e-4a86-9f53-b909c6911070,poojasharmakec,99%,(17),India,3 Hrs.
Fun & Lifestyle,,$5,Pranks & Stunts,"English, Greek",I will do anything for 5 bucks,https://www.fiverr.com/thanasis_k/do-anything-for-10-bucks,thanasis_k,,,Greece,1 Hrs.
Fun & Lifestyle,rating-circles star-rating-s12 rate-10,$20,Pranks & Stunts,English,I will call whoever u want as Elvis Presley and say happy birthday or whatever you want,https://www.fiverr.com/jerseyferretti/call-anyone-you-want-and-wish-them-a-happy-birthday-or-tell-them-whatever-you-want-as-elvis-presley,jerseyferretti,100%,(10),United States,1 Hrs.
Fun & Lifestyle,rating-circles star-rating-s12 rate-6,$5,Pranks & Stunts,"English, Chinese, Spanish, Portuguese",I will do any challenge for you,https://www.fiverr.com/senpaisora/do-any-challenge-for-you,senpaisora,60%,(2),Brazil,2 Days
Fun & Lifestyle,rating-circles star-rating-s12 rate-6,$5,Pranks & Stunts,"English, German, Hungarian",I will shout at people in public places,https://www.fiverr.com/floresz95/create-a-great-and-unique-logo-for-you,floresz95,60%,(2),Hungary,1 Hrs.
Fun & Lifestyle,,$10,Pranks & Stunts,"English, Amharic",I will send you a video of my ears unique talent,https://www.fiverr.com/liku2002/send-you-a-video-of-my-ears-dancing,liku2002,,,United States,1 Hrs.
Fun & Lifestyle,,$15,Pranks & Stunts,English,I will put an egg in my hair and step on an egg,https://www.fiverr.com/judebug/put-an-egg-in-my-hair-and-step-on-an-egg,judebug,100%,,United States,2 Days
Fun & Lifestyle,rating-circles star-rating-s12 rate-10,$20,Pranks & Stunts,English,I will call whoever you want as Duke Nukem and say happy birthday or whatever you want,https://www.fiverr.com/jerseyferretti/call-and-say-happy-birthday-or-whatever-you-want-as-duke-nukem,jerseyferretti,100%,(4),United States,1 Hrs.
Fun & Lifestyle,,$5,Pranks & Stunts,English,"I will send a glitter, sand, hole punch bomb any were in the UK",https://www.fiverr.com/gedgerrard1/send-a-glitter-sand-hole-punch-bomb-any-were-in-the-uk,gedgerrard1,,,United Kingdom,1 Hrs.
Fun & Lifestyle,rating-circles star-rating-s12 rate-7,$5,Pranks & Stunts,English,I will make a YouTube video if you tell me what to do,https://www.fiverr.com/softhandz/make-a-youtube-video-if-you-tell-me-what-to-do,softhandz,71%,(3),United States,1 Day
Fun & Lifestyle,,$5,Pranks & Stunts,English,I will send someone crabs for you,https://www.fiverr.com/juliekarst/send-someone-crabs-for-you,juliekarst,,,United States,1 Hrs.
Fun & Lifestyle,rating-circles star-rating-s12 rate-10,$5,Pranks & Stunts,"Arabic, English (uk)",I will give You a Private Number For The Whole World,https://www.fiverr.com/ahmedtahoun/learn-you-how-to-call-anyone-by-unknown,ahmedtahoun,100%,(2),Egypt,1 Day
Fun & Lifestyle,,$5,Pranks & Stunts,English,I will hold a Sign Off a Major Road That Says Anything,https://www.fiverr.com/copperbonker/hold-a-sign-off-a-major-road-that-says-anything,copperbonker,,,United States,2 Hrs.
Fun & Lifestyle,,$10,Pranks & Stunts,English,I will do anything that you want,https://www.fiverr.com/copperbonker/do-anything-that-you-want,copperbonker,,,United States,2 Hrs.
