available,artist,price,label,tracks,release,front_cover,catalog_num
Add To Basket,¿cómo Se Divertirán Los Insectos? - Va,£7.49 (£8.99 inc vat),Ahd X Prayers For The Long Life,DJ F - Dukha / EP iphany - Leavng / EP iphan...,¿cómo Se Divertirán Los Insectos? - Va,Ahd X Prayers For The Long Life,AHD011-RE02
+,Alessandro Adriani - Fall Elsewhere And ...,£7.91 (£9.49 inc vat),Pinkman Broken Dreams,1 One Minute (After Death) / 2 I Am A Ghost ...,Alessandro Adriani - Fall Elsewhere And ...,Pinkman Broken Dreams,PBD07
Add To Basket,Alex Seidel - Schwarz 12 EP,£8.33 (£10.00 inc vat),Schwarz 12 Records,A. Forum Schwarz / A. Bliss Tape / B. Night ...,Alex Seidel - Schwarz 12 EP,Schwarz 12 Records,SWZ001
+,"Arnheim - Would You Tell Me About You
",£7.91 (£9.49 inc vat),Barbara Recordings,Ahold Me / Athat He Man Of Hers / Bone's Own...,"Arnheim - Would You Tell Me About You
",Barbara Recordings,BARBARA02
Add To Basket,Ashac - Kaboom,£7.49 (£8.99 inc vat),High Ends,– Reefer Madness / – Vllsmrns / – Kaboom ,Ashac - Kaboom,High Ends,HE002
+,Banoffee Pies World Series 01 - Va,£7.49 (£8.99 inc vat),Banoffee Pies,A1 Philou Louzolo - Afrofuturism Dance / A2 ...,Banoffee Pies World Series 01 - Va,Banoffee Pies,BPWS001
Add To Basket,Black Bones 1,£8.33 (£10.00 inc vat),Black Bones,Malukayi / Malukacid / It's Happened / For B...,Black Bones 1,Black Bones,BLACKBONES001
+,Craig Bratley / James Hadfield - To Rack...,£7.49 (£8.99 inc vat),To Rack & Ruin,Craig Bratley – Ani Kuni / Craig Bratley – A...,Craig Bratley / James Hadfield - To Rack...,To Rack & Ruin,RR015
Add To Basket,Delano Smith - Dark Shades Of Detroit,£7.08 (£8.50 inc vat),Sushitech,Wires / In Limbo / Trying Times       ,Delano Smith - Dark Shades Of Detroit,Sushitech,sush013
+,Denis Sulta - It's Only Real,£6.66 (£7.99 inc vat),Numbers,It's Only Real   ,Denis Sulta - It's Only Real,Numbers,NMBRS49
Add To Basket,Dialogue Vol. 1,£7.49 (£8.99 inc vat),Monologues Records,Je Dàvu - You Don't Need / Uffe - Keepon / P...,Dialogue Vol. 1,Monologues Records,M12001
+,Hardworking Families - Hwf002,£8.75 (£10.50 inc vat),Hardworking Families,Solar Wind / Solar Wind Reprise / Colour Mac...,Hardworking Families - Hwf002,Hardworking Families,HWF002
Add To Basket,Harvey Sutherland & Bermuda,£7.49 (£8.99 inc vat),Clarity Recordings,"Priestess / Bravado : Clarity Recordings,   ...",Harvey Sutherland & Bermuda,Clarity Recordings,CRC01
+,Harvey Sutherland & Bermuda - Expectatio...,£10.15 (£12.18 inc vat),Clarity Recordings,Clarity / Why Look Back.. / Expectations / C...,Harvey Sutherland & Bermuda - Expectatio...,Clarity Recordings,CRC-02
Add To Basket,House For Her - Various Feelings,£7.91 (£9.49 inc vat),House For Her,You're Not On The List / I.l.l / 25 To Her /...,House For Her - Various Feelings,House For Her,HFH001
+,Inhere - Inhere 01,£7.91 (£9.49 inc vat),Inhere, - Untitled /  - Untitled /  - Untitled ,Inhere - Inhere 01,Inhere,INHERE01
Add To Basket,Joe Smooth - The Complete Promised Land ...,£6.66 (£7.99 inc vat),Trax,A1. Club Mix / A2. Underground Mix / B1. Fre...,Joe Smooth - The Complete Promised Land ...,Trax,SMOOTH001
+,Kerri Chandler - Panic EP,£7.49 (£8.99 inc vat),Madhouse,Get Up / Insomnia Again / Something Wrong / ...,Kerri Chandler - Panic EP,Madhouse,KTC1002
Add To Basket,Lily Ann - Going Crazy,£13.05 (£15.66 inc vat),Best Italy,Going Crazy (Vocal) / Going Crazy (Instrumen...,Lily Ann - Going Crazy,Best Italy,BSTX 016
+,Lipps Inc / Irene Cara,£8.33 (£10.00 inc vat),Casablanca,Funkytown / Flashdance...what A Feeling ,Lipps Inc / Irene Cara,Casablanca,NBD20207
Add To Basket,Lodger 10'',£6.66 (£7.99 inc vat),A To Z,A / B  ,Lodger 10'',A To Z,AZ003
+,Marius Circus - Veggepysj (Incl. Prins T...,£6.66 (£7.99 inc vat),In The Garden,Marius Circus - Veggepysj / Marius Circus - ...,Marius Circus - Veggepysj (Incl. Prins T...,In The Garden,ITG002
Add To Basket,Material Heads Vol. 25 - Va,£7.49 (£8.99 inc vat),Material Series,So Watch / The Rythm / I'm A / Keep Moving ,Material Heads Vol. 25 - Va,Material Series,MATERIALXXX25
+,"Medlar - Shake It, Make It, Take It, Bre...",£7.49 (£8.99 inc vat),For Discos Only,Shake It / Shake It (Mytron Ofofo Remix) / T...,"Medlar - Shake It, Make It, Take It, Bre...",For Discos Only,FDO001
Add To Basket,Mike Clark - River People,£7.49 (£8.99 inc vat),Third Ear,1 River People Beatdown Rework / 2 River Peo...,Mike Clark - River People,Third Ear,3eep2017ooo
+,Nature Boy - Ruff Disco Volume One,£13.37 (£16.04 inc vat),Frame Of Mind,1 Ha Ha / 10 You Want / 11 The Major Enemy /...,Nature Boy - Ruff Disco Volume One,Frame Of Mind,FOM001
Add To Basket,Oli Furness - Middle Ground EP,£6.66 (£7.99 inc vat),Music Is Love,Oli Furness - Middle Ground / Oli Furness - ...,Oli Furness - Middle Ground EP,Music Is Love,MIL016
+,Opuswerk / Lee Holman - Split EP,£7.49 (£8.99 inc vat),Another Earth,01 Opuswerk - Rf Thruster / 02 Opuswerk - Em...,Opuswerk / Lee Holman - Split EP,Another Earth,AE303
Add To Basket,Pascal Benjamin - First Law Of Motion EP,£8.75 (£10.50 inc vat),Norse Projekt,Raster / Trim / Raster (Einzig Remix) ,Pascal Benjamin - First Law Of Motion EP,Norse Projekt,NR005
+,Pedro Goya & Magazino - Canal EP,£7.91 (£9.49 inc vat),Overall Music Limited Series,Canal / Dublock / Lock Dub / Dublock (Hanfry...,Pedro Goya & Magazino - Canal EP,Overall Music Limited Series,OVLLMLTD006
Add To Basket,Rabo & Snob - Yawumna EP,£7.49 (£8.99 inc vat),Lovedancing,Yawumna Ft Soma Iddrissu / Yuwumna Art Of To...,Rabo & Snob - Yawumna EP,Lovedancing,LD03
+,Reedale Rise - Eternal Return,£7.49 (£8.99 inc vat),Frustrated Funk,1 Eternal Return / 2 Unfamiliar Species / 3 ...,Reedale Rise - Eternal Return,Frustrated Funk,FR039
Add To Basket,Ruby Rushton - Trudi's Songbook: Volume ...,£12.31 (£14.77 inc vat),22a,Moonlight Woman / Elephant & Castle / Trudi'...,Ruby Rushton - Trudi's Songbook: Volume ...,22a,22A015LP
+,Salsoul Boogie Essentials Vol. 1 - Va,£6.66 (£7.99 inc vat),Salsoul Records,"Cream De Coco - Disco Strut (7"" Single Versi...",Salsoul Boogie Essentials Vol. 1 - Va,Salsoul Records,SAL2015003
Add To Basket,Salsoul Boogie Essentials Vol. 2 - Va,£6.66 (£7.99 inc vat),Salsoul,Instant Funk - (Just Because) You'll Be Mine...,Salsoul Boogie Essentials Vol. 2 - Va,Salsoul,SAL-2015-004
+,Shina Williams & His African Percussions,£11.63 (£13.96 inc vat),Strut,Agboju Logun (12'' Version) / Agboju Logun (...,Shina Williams & His African Percussions,Strut,STRUT 154S
Add To Basket,Studio Mody,£7.49 (£8.99 inc vat),Counter 99,Tracking Down The House / 1017 Feat L. Efa (...,Studio Mody,Counter 99,COUNT01
+,Tapesh & Lunoize - Damnit/brak/loose Con...,£7.49 (£8.99 inc vat),Material Series,Damnit / Brak / Loose Control ,Tapesh & Lunoize - Damnit/brak/loose Con...,Material Series,MATERIAL121
Add To Basket,Tom Vr - Valby002,£8.33 (£10.00 inc vat),Valby Rotary,A. Tom Vr - Hear Me Out / B. Tom Vr - Indigo...,Tom Vr - Valby002,Valby Rotary,VALBY002
+,Toto,£8.33 (£10.00 inc vat),Columbia,Georgy Porgy / Childs Anthem ,Toto,Columbia,4311040
Add To Basket,Tvmb - Momentz000,£7.49 (£8.99 inc vat),Momentz,Tvmb01 / Tvmb02 / Tvmb03 / Tvmb04 ,Tvmb - Momentz000,Momentz,MM000
+,Un*deux - Tools For Fools,£7.91 (£9.49 inc vat),Ondule Records,Tools For Fools / Two For The Bass / Groovy ...,Un*deux - Tools For Fools,Ondule Records,OND011
Add To Basket,Underdog Edits Vol 15,£7.49 (£8.99 inc vat),Underdog Edits,Never Gonna Let You Go / It Aint Easy ,Underdog Edits Vol 15,Underdog Edits,UDET015
+,Unknown - 03,£7.91 (£9.49 inc vat),Unknown,A1: Caru'uencula / B1: Noussa / B2: Eritia ,Unknown - 03,Unknown,UNK03
Add To Basket,Unknown - Social 7,£9.16 (£10.99 inc vat),Social,Unknown / Unknown / Unknown ,Unknown - Social 7,Social,SCL007
+,"Various ( Matthias Tanzmann, Dan Drastic...",£7.91 (£9.49 inc vat),Moon Harbour,Matthias Tanzmann - Mahoney Baloney / Dan Dr...,"Various ( Matthias Tanzmann, Dan Drastic...",Moon Harbour,MHR100
Add To Basket,Various Connection Vol.1 - Va,£7.49 (£8.99 inc vat),Main Main Music,Martelli Feat Ava Loon - Trippin Birds / Gor...,Various Connection Vol.1 - Va,Main Main Music,MMMV001
+,Visitor - Dublin,£7.91 (£9.49 inc vat),Pariter,A1: Stop The Music / B1: After The Weekend /...,Visitor - Dublin,Pariter,PRTR016
Add To Basket,Ali King EP,£8.75 (£10.50 inc vat),Vanity Press Records,Yes / Return / Session 28 / Nebula ,Ali King EP,Vanity Press Records,VPR-05
+,Anno Stamm - Annothek EP,£7.91 (£9.49 inc vat),Macro,Stammophin / Stammotan / Stammophorm ,Anno Stamm - Annothek EP,Macro,MACROM54
Add To Basket,¿cómo Se Divertirán Los Insectos? - Va,£7.49 (£8.99 inc vat),Ahd X Prayers For The Long Life,DJ F - Dukha / EP iphany - Leavng / EP iphan...,¿cómo Se Divertirán Los Insectos? - Va,Ahd X Prayers For The Long Life,AHD011-RE02
+,Alessandro Adriani - Fall Elsewhere And ...,£7.91 (£9.49 inc vat),Pinkman Broken Dreams,1 One Minute (After Death) / 2 I Am A Ghost ...,Alessandro Adriani - Fall Elsewhere And ...,Pinkman Broken Dreams,PBD07
Add To Basket,Alex Seidel - Schwarz 12 EP,£8.33 (£10.00 inc vat),Schwarz 12 Records,A. Forum Schwarz / A. Bliss Tape / B. Night ...,Alex Seidel - Schwarz 12 EP,Schwarz 12 Records,SWZ001
+,"Arnheim - Would You Tell Me About You
",£7.91 (£9.49 inc vat),Barbara Recordings,Ahold Me / Athat He Man Of Hers / Bone's Own...,"Arnheim - Would You Tell Me About You
",Barbara Recordings,BARBARA02
Add To Basket,Ashac - Kaboom,£7.49 (£8.99 inc vat),High Ends,– Reefer Madness / – Vllsmrns / – Kaboom ,Ashac - Kaboom,High Ends,HE002
+,Banoffee Pies World Series 01 - Va,£7.49 (£8.99 inc vat),Banoffee Pies,A1 Philou Louzolo - Afrofuturism Dance / A2 ...,Banoffee Pies World Series 01 - Va,Banoffee Pies,BPWS001
Add To Basket,Black Bones 1,£8.33 (£10.00 inc vat),Black Bones,Malukayi / Malukacid / It's Happened / For B...,Black Bones 1,Black Bones,BLACKBONES001
+,Craig Bratley / James Hadfield - To Rack...,£7.49 (£8.99 inc vat),To Rack & Ruin,Craig Bratley – Ani Kuni / Craig Bratley – A...,Craig Bratley / James Hadfield - To Rack...,To Rack & Ruin,RR015
Add To Basket,Delano Smith - Dark Shades Of Detroit,£7.08 (£8.50 inc vat),Sushitech,Wires / In Limbo / Trying Times       ,Delano Smith - Dark Shades Of Detroit,Sushitech,sush013
+,Denis Sulta - It's Only Real,£6.66 (£7.99 inc vat),Numbers,It's Only Real   ,Denis Sulta - It's Only Real,Numbers,NMBRS49
Add To Basket,Dialogue Vol. 1,£7.49 (£8.99 inc vat),Monologues Records,Je Dàvu - You Don't Need / Uffe - Keepon / P...,Dialogue Vol. 1,Monologues Records,M12001
+,Hardworking Families - Hwf002,£8.75 (£10.50 inc vat),Hardworking Families,Solar Wind / Solar Wind Reprise / Colour Mac...,Hardworking Families - Hwf002,Hardworking Families,HWF002
Add To Basket,Harvey Sutherland & Bermuda,£7.49 (£8.99 inc vat),Clarity Recordings,"Priestess / Bravado : Clarity Recordings,   ...",Harvey Sutherland & Bermuda,Clarity Recordings,CRC01
+,Harvey Sutherland & Bermuda - Expectatio...,£10.15 (£12.18 inc vat),Clarity Recordings,Clarity / Why Look Back.. / Expectations / C...,Harvey Sutherland & Bermuda - Expectatio...,Clarity Recordings,CRC-02
Add To Basket,House For Her - Various Feelings,£7.91 (£9.49 inc vat),House For Her,You're Not On The List / I.l.l / 25 To Her /...,House For Her - Various Feelings,House For Her,HFH001
+,Inhere - Inhere 01,£7.91 (£9.49 inc vat),Inhere, - Untitled /  - Untitled /  - Untitled ,Inhere - Inhere 01,Inhere,INHERE01
Add To Basket,Joe Smooth - The Complete Promised Land ...,£6.66 (£7.99 inc vat),Trax,A1. Club Mix / A2. Underground Mix / B1. Fre...,Joe Smooth - The Complete Promised Land ...,Trax,SMOOTH001
+,Kerri Chandler - Panic EP,£7.49 (£8.99 inc vat),Madhouse,Get Up / Insomnia Again / Something Wrong / ...,Kerri Chandler - Panic EP,Madhouse,KTC1002
Add To Basket,Lily Ann - Going Crazy,£13.05 (£15.66 inc vat),Best Italy,Going Crazy (Vocal) / Going Crazy (Instrumen...,Lily Ann - Going Crazy,Best Italy,BSTX 016
+,Lipps Inc / Irene Cara,£8.33 (£10.00 inc vat),Casablanca,Funkytown / Flashdance...what A Feeling ,Lipps Inc / Irene Cara,Casablanca,NBD20207
Add To Basket,Lodger 10'',£6.66 (£7.99 inc vat),A To Z,A / B  ,Lodger 10'',A To Z,AZ003
+,Marius Circus - Veggepysj (Incl. Prins T...,£6.66 (£7.99 inc vat),In The Garden,Marius Circus - Veggepysj / Marius Circus - ...,Marius Circus - Veggepysj (Incl. Prins T...,In The Garden,ITG002
Add To Basket,Material Heads Vol. 25 - Va,£7.49 (£8.99 inc vat),Material Series,So Watch / The Rythm / I'm A / Keep Moving ,Material Heads Vol. 25 - Va,Material Series,MATERIALXXX25
+,"Medlar - Shake It, Make It, Take It, Bre...",£7.49 (£8.99 inc vat),For Discos Only,Shake It / Shake It (Mytron Ofofo Remix) / T...,"Medlar - Shake It, Make It, Take It, Bre...",For Discos Only,FDO001
Add To Basket,Mike Clark - River People,£7.49 (£8.99 inc vat),Third Ear,1 River People Beatdown Rework / 2 River Peo...,Mike Clark - River People,Third Ear,3eep2017ooo
+,Nature Boy - Ruff Disco Volume One,£13.37 (£16.04 inc vat),Frame Of Mind,1 Ha Ha / 10 You Want / 11 The Major Enemy /...,Nature Boy - Ruff Disco Volume One,Frame Of Mind,FOM001
Add To Basket,Oli Furness - Middle Ground EP,£6.66 (£7.99 inc vat),Music Is Love,Oli Furness - Middle Ground / Oli Furness - ...,Oli Furness - Middle Ground EP,Music Is Love,MIL016
+,Opuswerk / Lee Holman - Split EP,£7.49 (£8.99 inc vat),Another Earth,01 Opuswerk - Rf Thruster / 02 Opuswerk - Em...,Opuswerk / Lee Holman - Split EP,Another Earth,AE303
Add To Basket,Pascal Benjamin - First Law Of Motion EP,£8.75 (£10.50 inc vat),Norse Projekt,Raster / Trim / Raster (Einzig Remix) ,Pascal Benjamin - First Law Of Motion EP,Norse Projekt,NR005
+,Pedro Goya & Magazino - Canal EP,£7.91 (£9.49 inc vat),Overall Music Limited Series,Canal / Dublock / Lock Dub / Dublock (Hanfry...,Pedro Goya & Magazino - Canal EP,Overall Music Limited Series,OVLLMLTD006
Add To Basket,Rabo & Snob - Yawumna EP,£7.49 (£8.99 inc vat),Lovedancing,Yawumna Ft Soma Iddrissu / Yuwumna Art Of To...,Rabo & Snob - Yawumna EP,Lovedancing,LD03
+,Reedale Rise - Eternal Return,£7.49 (£8.99 inc vat),Frustrated Funk,1 Eternal Return / 2 Unfamiliar Species / 3 ...,Reedale Rise - Eternal Return,Frustrated Funk,FR039
Add To Basket,Ruby Rushton - Trudi's Songbook: Volume ...,£12.31 (£14.77 inc vat),22a,Moonlight Woman / Elephant & Castle / Trudi'...,Ruby Rushton - Trudi's Songbook: Volume ...,22a,22A015LP
+,Salsoul Boogie Essentials Vol. 1 - Va,£6.66 (£7.99 inc vat),Salsoul Records,"Cream De Coco - Disco Strut (7"" Single Versi...",Salsoul Boogie Essentials Vol. 1 - Va,Salsoul Records,SAL2015003
Add To Basket,Salsoul Boogie Essentials Vol. 2 - Va,£6.66 (£7.99 inc vat),Salsoul,Instant Funk - (Just Because) You'll Be Mine...,Salsoul Boogie Essentials Vol. 2 - Va,Salsoul,SAL-2015-004
+,Shina Williams & His African Percussions,£11.63 (£13.96 inc vat),Strut,Agboju Logun (12'' Version) / Agboju Logun (...,Shina Williams & His African Percussions,Strut,STRUT 154S
Add To Basket,Studio Mody,£7.49 (£8.99 inc vat),Counter 99,Tracking Down The House / 1017 Feat L. Efa (...,Studio Mody,Counter 99,COUNT01
+,Tapesh & Lunoize - Damnit/brak/loose Con...,£7.49 (£8.99 inc vat),Material Series,Damnit / Brak / Loose Control ,Tapesh & Lunoize - Damnit/brak/loose Con...,Material Series,MATERIAL121
Add To Basket,Tom Vr - Valby002,£8.33 (£10.00 inc vat),Valby Rotary,A. Tom Vr - Hear Me Out / B. Tom Vr - Indigo...,Tom Vr - Valby002,Valby Rotary,VALBY002
+,Toto,£8.33 (£10.00 inc vat),Columbia,Georgy Porgy / Childs Anthem ,Toto,Columbia,4311040
Add To Basket,Tvmb - Momentz000,£7.49 (£8.99 inc vat),Momentz,Tvmb01 / Tvmb02 / Tvmb03 / Tvmb04 ,Tvmb - Momentz000,Momentz,MM000
+,Un*deux - Tools For Fools,£7.91 (£9.49 inc vat),Ondule Records,Tools For Fools / Two For The Bass / Groovy ...,Un*deux - Tools For Fools,Ondule Records,OND011
Add To Basket,Underdog Edits Vol 15,£7.49 (£8.99 inc vat),Underdog Edits,Never Gonna Let You Go / It Aint Easy ,Underdog Edits Vol 15,Underdog Edits,UDET015
+,Unknown - 03,£7.91 (£9.49 inc vat),Unknown,A1: Caru'uencula / B1: Noussa / B2: Eritia ,Unknown - 03,Unknown,UNK03
Add To Basket,Unknown - Social 7,£9.16 (£10.99 inc vat),Social,Unknown / Unknown / Unknown ,Unknown - Social 7,Social,SCL007
+,"Various ( Matthias Tanzmann, Dan Drastic...",£7.91 (£9.49 inc vat),Moon Harbour,Matthias Tanzmann - Mahoney Baloney / Dan Dr...,"Various ( Matthias Tanzmann, Dan Drastic...",Moon Harbour,MHR100
Add To Basket,Various Connection Vol.1 - Va,£7.49 (£8.99 inc vat),Main Main Music,Martelli Feat Ava Loon - Trippin Birds / Gor...,Various Connection Vol.1 - Va,Main Main Music,MMMV001
+,Visitor - Dublin,£7.91 (£9.49 inc vat),Pariter,A1: Stop The Music / B1: After The Weekend /...,Visitor - Dublin,Pariter,PRTR016
Add To Basket,Ali King EP,£8.75 (£10.50 inc vat),Vanity Press Records,Yes / Return / Session 28 / Nebula ,Ali King EP,Vanity Press Records,VPR-05
+,Anno Stamm - Annothek EP,£7.91 (£9.49 inc vat),Macro,Stammophin / Stammotan / Stammophorm ,Anno Stamm - Annothek EP,Macro,MACROM54
Add To Basket,¿cómo Se Divertirán Los Insectos? - Va,£7.49 (£8.99 inc vat),Ahd X Prayers For The Long Life,DJ F - Dukha / EP iphany - Leavng / EP iphan...,¿cómo Se Divertirán Los Insectos? - Va,Ahd X Prayers For The Long Life,AHD011-RE02
+,Alessandro Adriani - Fall Elsewhere And ...,£7.91 (£9.49 inc vat),Pinkman Broken Dreams,1 One Minute (After Death) / 2 I Am A Ghost ...,Alessandro Adriani - Fall Elsewhere And ...,Pinkman Broken Dreams,PBD07
Add To Basket,Alex Seidel - Schwarz 12 EP,£8.33 (£10.00 inc vat),Schwarz 12 Records,A. Forum Schwarz / A. Bliss Tape / B. Night ...,Alex Seidel - Schwarz 12 EP,Schwarz 12 Records,SWZ001
+,"Arnheim - Would You Tell Me About You
",£7.91 (£9.49 inc vat),Barbara Recordings,Ahold Me / Athat He Man Of Hers / Bone's Own...,"Arnheim - Would You Tell Me About You
",Barbara Recordings,BARBARA02
Add To Basket,Ashac - Kaboom,£7.49 (£8.99 inc vat),High Ends,– Reefer Madness / – Vllsmrns / – Kaboom ,Ashac - Kaboom,High Ends,HE002
+,Banoffee Pies World Series 01 - Va,£7.49 (£8.99 inc vat),Banoffee Pies,A1 Philou Louzolo - Afrofuturism Dance / A2 ...,Banoffee Pies World Series 01 - Va,Banoffee Pies,BPWS001
Add To Basket,Black Bones 1,£8.33 (£10.00 inc vat),Black Bones,Malukayi / Malukacid / It's Happened / For B...,Black Bones 1,Black Bones,BLACKBONES001
+,Craig Bratley / James Hadfield - To Rack...,£7.49 (£8.99 inc vat),To Rack & Ruin,Craig Bratley – Ani Kuni / Craig Bratley – A...,Craig Bratley / James Hadfield - To Rack...,To Rack & Ruin,RR015
Add To Basket,Delano Smith - Dark Shades Of Detroit,£7.08 (£8.50 inc vat),Sushitech,Wires / In Limbo / Trying Times       ,Delano Smith - Dark Shades Of Detroit,Sushitech,sush013
+,Denis Sulta - It's Only Real,£6.66 (£7.99 inc vat),Numbers,It's Only Real   ,Denis Sulta - It's Only Real,Numbers,NMBRS49
Add To Basket,Dialogue Vol. 1,£7.49 (£8.99 inc vat),Monologues Records,Je Dàvu - You Don't Need / Uffe - Keepon / P...,Dialogue Vol. 1,Monologues Records,M12001
+,Hardworking Families - Hwf002,£8.75 (£10.50 inc vat),Hardworking Families,Solar Wind / Solar Wind Reprise / Colour Mac...,Hardworking Families - Hwf002,Hardworking Families,HWF002
Add To Basket,Harvey Sutherland & Bermuda,£7.49 (£8.99 inc vat),Clarity Recordings,"Priestess / Bravado : Clarity Recordings,   ...",Harvey Sutherland & Bermuda,Clarity Recordings,CRC01
+,Harvey Sutherland & Bermuda - Expectatio...,£10.15 (£12.18 inc vat),Clarity Recordings,Clarity / Why Look Back.. / Expectations / C...,Harvey Sutherland & Bermuda - Expectatio...,Clarity Recordings,CRC-02
Add To Basket,House For Her - Various Feelings,£7.91 (£9.49 inc vat),House For Her,You're Not On The List / I.l.l / 25 To Her /...,House For Her - Various Feelings,House For Her,HFH001
+,Inhere - Inhere 01,£7.91 (£9.49 inc vat),Inhere, - Untitled /  - Untitled /  - Untitled ,Inhere - Inhere 01,Inhere,INHERE01
Add To Basket,Joe Smooth - The Complete Promised Land ...,£6.66 (£7.99 inc vat),Trax,A1. Club Mix / A2. Underground Mix / B1. Fre...,Joe Smooth - The Complete Promised Land ...,Trax,SMOOTH001
+,Kerri Chandler - Panic EP,£7.49 (£8.99 inc vat),Madhouse,Get Up / Insomnia Again / Something Wrong / ...,Kerri Chandler - Panic EP,Madhouse,KTC1002
Add To Basket,Lily Ann - Going Crazy,£13.05 (£15.66 inc vat),Best Italy,Going Crazy (Vocal) / Going Crazy (Instrumen...,Lily Ann - Going Crazy,Best Italy,BSTX 016
+,Lipps Inc / Irene Cara,£8.33 (£10.00 inc vat),Casablanca,Funkytown / Flashdance...what A Feeling ,Lipps Inc / Irene Cara,Casablanca,NBD20207
Add To Basket,Lodger 10'',£6.66 (£7.99 inc vat),A To Z,A / B  ,Lodger 10'',A To Z,AZ003
+,Marius Circus - Veggepysj (Incl. Prins T...,£6.66 (£7.99 inc vat),In The Garden,Marius Circus - Veggepysj / Marius Circus - ...,Marius Circus - Veggepysj (Incl. Prins T...,In The Garden,ITG002
Add To Basket,Material Heads Vol. 25 - Va,£7.49 (£8.99 inc vat),Material Series,So Watch / The Rythm / I'm A / Keep Moving ,Material Heads Vol. 25 - Va,Material Series,MATERIALXXX25
+,"Medlar - Shake It, Make It, Take It, Bre...",£7.49 (£8.99 inc vat),For Discos Only,Shake It / Shake It (Mytron Ofofo Remix) / T...,"Medlar - Shake It, Make It, Take It, Bre...",For Discos Only,FDO001
Add To Basket,Mike Clark - River People,£7.49 (£8.99 inc vat),Third Ear,1 River People Beatdown Rework / 2 River Peo...,Mike Clark - River People,Third Ear,3eep2017ooo
+,Nature Boy - Ruff Disco Volume One,£13.37 (£16.04 inc vat),Frame Of Mind,1 Ha Ha / 10 You Want / 11 The Major Enemy /...,Nature Boy - Ruff Disco Volume One,Frame Of Mind,FOM001
Add To Basket,Oli Furness - Middle Ground EP,£6.66 (£7.99 inc vat),Music Is Love,Oli Furness - Middle Ground / Oli Furness - ...,Oli Furness - Middle Ground EP,Music Is Love,MIL016
+,Opuswerk / Lee Holman - Split EP,£7.49 (£8.99 inc vat),Another Earth,01 Opuswerk - Rf Thruster / 02 Opuswerk - Em...,Opuswerk / Lee Holman - Split EP,Another Earth,AE303
Add To Basket,Pascal Benjamin - First Law Of Motion EP,£8.75 (£10.50 inc vat),Norse Projekt,Raster / Trim / Raster (Einzig Remix) ,Pascal Benjamin - First Law Of Motion EP,Norse Projekt,NR005
+,Pedro Goya & Magazino - Canal EP,£7.91 (£9.49 inc vat),Overall Music Limited Series,Canal / Dublock / Lock Dub / Dublock (Hanfry...,Pedro Goya & Magazino - Canal EP,Overall Music Limited Series,OVLLMLTD006
Add To Basket,Rabo & Snob - Yawumna EP,£7.49 (£8.99 inc vat),Lovedancing,Yawumna Ft Soma Iddrissu / Yuwumna Art Of To...,Rabo & Snob - Yawumna EP,Lovedancing,LD03
+,Reedale Rise - Eternal Return,£7.49 (£8.99 inc vat),Frustrated Funk,1 Eternal Return / 2 Unfamiliar Species / 3 ...,Reedale Rise - Eternal Return,Frustrated Funk,FR039
Add To Basket,Ruby Rushton - Trudi's Songbook: Volume ...,£12.31 (£14.77 inc vat),22a,Moonlight Woman / Elephant & Castle / Trudi'...,Ruby Rushton - Trudi's Songbook: Volume ...,22a,22A015LP
+,Salsoul Boogie Essentials Vol. 1 - Va,£6.66 (£7.99 inc vat),Salsoul Records,"Cream De Coco - Disco Strut (7"" Single Versi...",Salsoul Boogie Essentials Vol. 1 - Va,Salsoul Records,SAL2015003
Add To Basket,Salsoul Boogie Essentials Vol. 2 - Va,£6.66 (£7.99 inc vat),Salsoul,Instant Funk - (Just Because) You'll Be Mine...,Salsoul Boogie Essentials Vol. 2 - Va,Salsoul,SAL-2015-004
+,Shina Williams & His African Percussions,£11.63 (£13.96 inc vat),Strut,Agboju Logun (12'' Version) / Agboju Logun (...,Shina Williams & His African Percussions,Strut,STRUT 154S
Add To Basket,Studio Mody,£7.49 (£8.99 inc vat),Counter 99,Tracking Down The House / 1017 Feat L. Efa (...,Studio Mody,Counter 99,COUNT01
+,Tapesh & Lunoize - Damnit/brak/loose Con...,£7.49 (£8.99 inc vat),Material Series,Damnit / Brak / Loose Control ,Tapesh & Lunoize - Damnit/brak/loose Con...,Material Series,MATERIAL121
Add To Basket,Tom Vr - Valby002,£8.33 (£10.00 inc vat),Valby Rotary,A. Tom Vr - Hear Me Out / B. Tom Vr - Indigo...,Tom Vr - Valby002,Valby Rotary,VALBY002
+,Toto,£8.33 (£10.00 inc vat),Columbia,Georgy Porgy / Childs Anthem ,Toto,Columbia,4311040
Add To Basket,Tvmb - Momentz000,£7.49 (£8.99 inc vat),Momentz,Tvmb01 / Tvmb02 / Tvmb03 / Tvmb04 ,Tvmb - Momentz000,Momentz,MM000
+,Un*deux - Tools For Fools,£7.91 (£9.49 inc vat),Ondule Records,Tools For Fools / Two For The Bass / Groovy ...,Un*deux - Tools For Fools,Ondule Records,OND011
Add To Basket,Underdog Edits Vol 15,£7.49 (£8.99 inc vat),Underdog Edits,Never Gonna Let You Go / It Aint Easy ,Underdog Edits Vol 15,Underdog Edits,UDET015
+,Unknown - 03,£7.91 (£9.49 inc vat),Unknown,A1: Caru'uencula / B1: Noussa / B2: Eritia ,Unknown - 03,Unknown,UNK03
Add To Basket,Unknown - Social 7,£9.16 (£10.99 inc vat),Social,Unknown / Unknown / Unknown ,Unknown - Social 7,Social,SCL007
+,"Various ( Matthias Tanzmann, Dan Drastic...",£7.91 (£9.49 inc vat),Moon Harbour,Matthias Tanzmann - Mahoney Baloney / Dan Dr...,"Various ( Matthias Tanzmann, Dan Drastic...",Moon Harbour,MHR100
Add To Basket,Various Connection Vol.1 - Va,£7.49 (£8.99 inc vat),Main Main Music,Martelli Feat Ava Loon - Trippin Birds / Gor...,Various Connection Vol.1 - Va,Main Main Music,MMMV001
+,Visitor - Dublin,£7.91 (£9.49 inc vat),Pariter,A1: Stop The Music / B1: After The Weekend /...,Visitor - Dublin,Pariter,PRTR016
Add To Basket,Ali King EP,£8.75 (£10.50 inc vat),Vanity Press Records,Yes / Return / Session 28 / Nebula ,Ali King EP,Vanity Press Records,VPR-05
+,Anno Stamm - Annothek EP,£7.91 (£9.49 inc vat),Macro,Stammophin / Stammotan / Stammophorm ,Anno Stamm - Annothek EP,Macro,MACROM54
Add To Basket,¿cómo Se Divertirán Los Insectos? - Va,£7.49 (£8.99 inc vat),Ahd X Prayers For The Long Life,DJ F - Dukha / EP iphany - Leavng / EP iphan...,¿cómo Se Divertirán Los Insectos? - Va,Ahd X Prayers For The Long Life,AHD011-RE02
+,Alessandro Adriani - Fall Elsewhere And ...,£7.91 (£9.49 inc vat),Pinkman Broken Dreams,1 One Minute (After Death) / 2 I Am A Ghost ...,Alessandro Adriani - Fall Elsewhere And ...,Pinkman Broken Dreams,PBD07
Add To Basket,Alex Seidel - Schwarz 12 EP,£8.33 (£10.00 inc vat),Schwarz 12 Records,A. Forum Schwarz / A. Bliss Tape / B. Night ...,Alex Seidel - Schwarz 12 EP,Schwarz 12 Records,SWZ001
+,"Arnheim - Would You Tell Me About You
",£7.91 (£9.49 inc vat),Barbara Recordings,Ahold Me / Athat He Man Of Hers / Bone's Own...,"Arnheim - Would You Tell Me About You
",Barbara Recordings,BARBARA02
Add To Basket,Ashac - Kaboom,£7.49 (£8.99 inc vat),High Ends,– Reefer Madness / – Vllsmrns / – Kaboom ,Ashac - Kaboom,High Ends,HE002
+,Banoffee Pies World Series 01 - Va,£7.49 (£8.99 inc vat),Banoffee Pies,A1 Philou Louzolo - Afrofuturism Dance / A2 ...,Banoffee Pies World Series 01 - Va,Banoffee Pies,BPWS001
Add To Basket,Black Bones 1,£8.33 (£10.00 inc vat),Black Bones,Malukayi / Malukacid / It's Happened / For B...,Black Bones 1,Black Bones,BLACKBONES001
+,Craig Bratley / James Hadfield - To Rack...,£7.49 (£8.99 inc vat),To Rack & Ruin,Craig Bratley – Ani Kuni / Craig Bratley – A...,Craig Bratley / James Hadfield - To Rack...,To Rack & Ruin,RR015
Add To Basket,Delano Smith - Dark Shades Of Detroit,£7.08 (£8.50 inc vat),Sushitech,Wires / In Limbo / Trying Times       ,Delano Smith - Dark Shades Of Detroit,Sushitech,sush013
+,Denis Sulta - It's Only Real,£6.66 (£7.99 inc vat),Numbers,It's Only Real   ,Denis Sulta - It's Only Real,Numbers,NMBRS49
Add To Basket,Dialogue Vol. 1,£7.49 (£8.99 inc vat),Monologues Records,Je Dàvu - You Don't Need / Uffe - Keepon / P...,Dialogue Vol. 1,Monologues Records,M12001
+,Hardworking Families - Hwf002,£8.75 (£10.50 inc vat),Hardworking Families,Solar Wind / Solar Wind Reprise / Colour Mac...,Hardworking Families - Hwf002,Hardworking Families,HWF002
Add To Basket,Harvey Sutherland & Bermuda,£7.49 (£8.99 inc vat),Clarity Recordings,"Priestess / Bravado : Clarity Recordings,   ...",Harvey Sutherland & Bermuda,Clarity Recordings,CRC01
+,Harvey Sutherland & Bermuda - Expectatio...,£10.15 (£12.18 inc vat),Clarity Recordings,Clarity / Why Look Back.. / Expectations / C...,Harvey Sutherland & Bermuda - Expectatio...,Clarity Recordings,CRC-02
Add To Basket,House For Her - Various Feelings,£7.91 (£9.49 inc vat),House For Her,You're Not On The List / I.l.l / 25 To Her /...,House For Her - Various Feelings,House For Her,HFH001
+,Inhere - Inhere 01,£7.91 (£9.49 inc vat),Inhere, - Untitled /  - Untitled /  - Untitled ,Inhere - Inhere 01,Inhere,INHERE01
Add To Basket,Joe Smooth - The Complete Promised Land ...,£6.66 (£7.99 inc vat),Trax,A1. Club Mix / A2. Underground Mix / B1. Fre...,Joe Smooth - The Complete Promised Land ...,Trax,SMOOTH001
+,Kerri Chandler - Panic EP,£7.49 (£8.99 inc vat),Madhouse,Get Up / Insomnia Again / Something Wrong / ...,Kerri Chandler - Panic EP,Madhouse,KTC1002
Add To Basket,Lily Ann - Going Crazy,£13.05 (£15.66 inc vat),Best Italy,Going Crazy (Vocal) / Going Crazy (Instrumen...,Lily Ann - Going Crazy,Best Italy,BSTX 016
+,Lipps Inc / Irene Cara,£8.33 (£10.00 inc vat),Casablanca,Funkytown / Flashdance...what A Feeling ,Lipps Inc / Irene Cara,Casablanca,NBD20207
Add To Basket,Lodger 10'',£6.66 (£7.99 inc vat),A To Z,A / B  ,Lodger 10'',A To Z,AZ003
+,Marius Circus - Veggepysj (Incl. Prins T...,£6.66 (£7.99 inc vat),In The Garden,Marius Circus - Veggepysj / Marius Circus - ...,Marius Circus - Veggepysj (Incl. Prins T...,In The Garden,ITG002
Add To Basket,Material Heads Vol. 25 - Va,£7.49 (£8.99 inc vat),Material Series,So Watch / The Rythm / I'm A / Keep Moving ,Material Heads Vol. 25 - Va,Material Series,MATERIALXXX25
+,"Medlar - Shake It, Make It, Take It, Bre...",£7.49 (£8.99 inc vat),For Discos Only,Shake It / Shake It (Mytron Ofofo Remix) / T...,"Medlar - Shake It, Make It, Take It, Bre...",For Discos Only,FDO001
Add To Basket,Mike Clark - River People,£7.49 (£8.99 inc vat),Third Ear,1 River People Beatdown Rework / 2 River Peo...,Mike Clark - River People,Third Ear,3eep2017ooo
+,Nature Boy - Ruff Disco Volume One,£13.37 (£16.04 inc vat),Frame Of Mind,1 Ha Ha / 10 You Want / 11 The Major Enemy /...,Nature Boy - Ruff Disco Volume One,Frame Of Mind,FOM001
Add To Basket,Oli Furness - Middle Ground EP,£6.66 (£7.99 inc vat),Music Is Love,Oli Furness - Middle Ground / Oli Furness - ...,Oli Furness - Middle Ground EP,Music Is Love,MIL016
+,Opuswerk / Lee Holman - Split EP,£7.49 (£8.99 inc vat),Another Earth,01 Opuswerk - Rf Thruster / 02 Opuswerk - Em...,Opuswerk / Lee Holman - Split EP,Another Earth,AE303
Add To Basket,Pascal Benjamin - First Law Of Motion EP,£8.75 (£10.50 inc vat),Norse Projekt,Raster / Trim / Raster (Einzig Remix) ,Pascal Benjamin - First Law Of Motion EP,Norse Projekt,NR005
+,Pedro Goya & Magazino - Canal EP,£7.91 (£9.49 inc vat),Overall Music Limited Series,Canal / Dublock / Lock Dub / Dublock (Hanfry...,Pedro Goya & Magazino - Canal EP,Overall Music Limited Series,OVLLMLTD006
Add To Basket,Rabo & Snob - Yawumna EP,£7.49 (£8.99 inc vat),Lovedancing,Yawumna Ft Soma Iddrissu / Yuwumna Art Of To...,Rabo & Snob - Yawumna EP,Lovedancing,LD03
+,Reedale Rise - Eternal Return,£7.49 (£8.99 inc vat),Frustrated Funk,1 Eternal Return / 2 Unfamiliar Species / 3 ...,Reedale Rise - Eternal Return,Frustrated Funk,FR039
Add To Basket,Ruby Rushton - Trudi's Songbook: Volume ...,£12.31 (£14.77 inc vat),22a,Moonlight Woman / Elephant & Castle / Trudi'...,Ruby Rushton - Trudi's Songbook: Volume ...,22a,22A015LP
+,Salsoul Boogie Essentials Vol. 1 - Va,£6.66 (£7.99 inc vat),Salsoul Records,"Cream De Coco - Disco Strut (7"" Single Versi...",Salsoul Boogie Essentials Vol. 1 - Va,Salsoul Records,SAL2015003
Add To Basket,Salsoul Boogie Essentials Vol. 2 - Va,£6.66 (£7.99 inc vat),Salsoul,Instant Funk - (Just Because) You'll Be Mine...,Salsoul Boogie Essentials Vol. 2 - Va,Salsoul,SAL-2015-004
+,Shina Williams & His African Percussions,£11.63 (£13.96 inc vat),Strut,Agboju Logun (12'' Version) / Agboju Logun (...,Shina Williams & His African Percussions,Strut,STRUT 154S
Add To Basket,Studio Mody,£7.49 (£8.99 inc vat),Counter 99,Tracking Down The House / 1017 Feat L. Efa (...,Studio Mody,Counter 99,COUNT01
+,Tapesh & Lunoize - Damnit/brak/loose Con...,£7.49 (£8.99 inc vat),Material Series,Damnit / Brak / Loose Control ,Tapesh & Lunoize - Damnit/brak/loose Con...,Material Series,MATERIAL121
Add To Basket,Tom Vr - Valby002,£8.33 (£10.00 inc vat),Valby Rotary,A. Tom Vr - Hear Me Out / B. Tom Vr - Indigo...,Tom Vr - Valby002,Valby Rotary,VALBY002
+,Toto,£8.33 (£10.00 inc vat),Columbia,Georgy Porgy / Childs Anthem ,Toto,Columbia,4311040
Add To Basket,Tvmb - Momentz000,£7.49 (£8.99 inc vat),Momentz,Tvmb01 / Tvmb02 / Tvmb03 / Tvmb04 ,Tvmb - Momentz000,Momentz,MM000
+,Un*deux - Tools For Fools,£7.91 (£9.49 inc vat),Ondule Records,Tools For Fools / Two For The Bass / Groovy ...,Un*deux - Tools For Fools,Ondule Records,OND011
Add To Basket,Underdog Edits Vol 15,£7.49 (£8.99 inc vat),Underdog Edits,Never Gonna Let You Go / It Aint Easy ,Underdog Edits Vol 15,Underdog Edits,UDET015
+,Unknown - 03,£7.91 (£9.49 inc vat),Unknown,A1: Caru'uencula / B1: Noussa / B2: Eritia ,Unknown - 03,Unknown,UNK03
Add To Basket,Unknown - Social 7,£9.16 (£10.99 inc vat),Social,Unknown / Unknown / Unknown ,Unknown - Social 7,Social,SCL007
+,"Various ( Matthias Tanzmann, Dan Drastic...",£7.91 (£9.49 inc vat),Moon Harbour,Matthias Tanzmann - Mahoney Baloney / Dan Dr...,"Various ( Matthias Tanzmann, Dan Drastic...",Moon Harbour,MHR100
Add To Basket,Various Connection Vol.1 - Va,£7.49 (£8.99 inc vat),Main Main Music,Martelli Feat Ava Loon - Trippin Birds / Gor...,Various Connection Vol.1 - Va,Main Main Music,MMMV001
+,Visitor - Dublin,£7.91 (£9.49 inc vat),Pariter,A1: Stop The Music / B1: After The Weekend /...,Visitor - Dublin,Pariter,PRTR016
Add To Basket,Ali King EP,£8.75 (£10.50 inc vat),Vanity Press Records,Yes / Return / Session 28 / Nebula ,Ali King EP,Vanity Press Records,VPR-05
+,Anno Stamm - Annothek EP,£7.91 (£9.49 inc vat),Macro,Stammophin / Stammotan / Stammophorm ,Anno Stamm - Annothek EP,Macro,MACROM54
