category,rating,starting_price,subcategory,title,seller,pos_rating,num_reviews,location,ave_reponse_time
Fun & Lifestyle,rate-10,$10,Your Message On...,I will be your female model for your product or brand,evelyngarcia11,100%,7,United States,1 Hrs.
Writing & Translation,rate-10,$25,Legal Writing,I will write perfect Terms and Conditions for your website,itsheaven,98%,235,Canada,2 Hrs.
Writing & Translation,rate-10,$5,Legal Writing,I will write concrete legal documents for you,jenyessaymaster,98%,21,Kenya,1 Hrs.
Writing & Translation,rate-10,$25,Legal Writing,I will write perfect term and conditions for your website,nishatk25,100%,1,Bangladesh,1 Hrs.
Writing & Translation,rate-10,$30,Legal Writing,I will create an awesome Terms and Conditions letter,paul_james,96%,40,United States,3 Hrs.
Writing & Translation,rate-9,$35,Legal Writing,I will write a 1000 word law work in 12 hours,evans_j,95%,4,Kenya,1 Hrs.
Fun & Lifestyle,rate-10,$10,Arts & Crafts,I will make large custom buttons,mbrumley,100%,3,United States,1 Hrs.
Writing & Translation,rate-9,$10,Legal Writing,I will draft all legal documents,kunallohani,95%,6,India,1 Hrs.
Fun & Lifestyle,rate-10,$15,Arts & Crafts,I will design custom furniture for you,jaaorz,99%,22,Venezuela,7 Hrs.
Writing & Translation,rate-10,$5,Legal Writing,I will write a binding Legal Contract enforceable anywhere,goldenlegal,96%,10,United States,2 Hrs.
Writing & Translation,rate-10,$10,Articles & Blog Posts,I will write a Clear and Concise SEO Optimized Article,lastay,98%,1426,Jamaica,1 Hrs.
Graphics & Design,rate-10,$5,Logo Design,I will design 2 professional logo in 24 hours,amber_keyani,96%,2156,Pakistan,1 Hrs.
Graphics & Design,rate-10,$5,Logo Design,I will make a minimalistic LOGO,brand_lee,97%,923,Pakistan,5 Hrs.
Graphics & Design,rate-10,$10,Invitations,I will create your wedding stationery or event invitations,styledbyjj,99%,52,Jamaica,1 Hrs.
Graphics & Design,rate-10,$10,Invitations,I will create elegant Party Invitation in 24 hours,yasirasul,99%,13,Pakistan,1 Hrs.
Graphics & Design,rate-10,$10,Logo Design,I will do UNIQUE logo design,marting1990,97%,2923,Sri Lanka,6 Hrs.
Graphics & Design,rate-10,$5,Invitations,"I will design a greeting card, postcard or invitation in 24hrs",jenna_summers93,100%,10,United States,1 Hrs.
Graphics & Design,rate-10,$5,Logo Design,I will design 2 PREMIUM Signature logo,pro_designing6,99%,1792,India,5 Hrs.
Graphics & Design,rate-10,$5,Logo Design,I will design professional  logo until satisfaction,aness_khann,99%,1158,Pakistan,1 Hrs.
Graphics & Design,rate-10,$5,Invitations,"I will design an elegant and exclusive invitation, card",andreabarbozac,98%,17,Venezuela,3 Hrs.
Graphics & Design,rate-10,$100,Invitations,"I will design any Birthday, Wedding or Party INVITATION",imranali79,99%,17,United Arab Emirates,1 Hrs.
Graphics & Design,rate-10,$5,Logo Design,I will do a LOGO design,dushanwijez,98%,439,Sri Lanka,3 Hrs.
Graphics & Design,rate-10,$5,Logo Design,I will do a LOGO design,boss__seo,96%,1374,Sri Lanka,5 Hrs.
Graphics & Design,rate-10,$5,Invitations,"I will design AWESOME Invitation, Banner, Flyer or Anything",n_prez,98%,204,Indonesia,1 Hrs.
Writing & Translation,rate-10,$5,Articles & Blog Posts,I will research and write a 500 word article,adamscott88a,97%,8054,Pakistan,7 Hrs.
Graphics & Design,rate-10,$5,Logo Design,I will design your LOGO in HiGH RESOLUTiON,logodreams,99%,5705,Italy,1 Hrs.
Graphics & Design,rate-10,$5,Invitations,I will design your wedding program,natoyachung,99%,46,Jamaica,1 Hrs.
Graphics & Design,rate-10,$5,Invitations,I will design a beautiful wedding invitation,rajamohsinkhan,100%,135,Pakistan,7 Hrs.
Music & Audio,rate-10,$5,Mixing & Mastering,I will custom edit your podcast or program,mnepodcast,99%,97,United States,1 Hrs.
Writing & Translation,rate-9,$5,Articles & Blog Posts,I will write 2x 400 word SEO Articles or Blog Posts,uniquewriter21,96%,2287,India,4 Hrs.
Graphics & Design,rate-10,$5,Logo Design,I will do 2 UNIQUE logo in 24hrs,logoflow,98%,5412,India,1 Hrs.
Graphics & Design,rate-10,$10,Invitations,I will design your themed BIRTHDAY Card or any Invitation Card,kamran1400aw,100%,154,United Kingdom,1 Hrs.
Music & Audio,rate-10,$5,Mixing & Mastering,"I will master Your Song, Beat Or Audio To Perfection ISRC",ericbosley,99%,460,United States,1 Hrs.
Writing & Translation,rate-10,$5,Legal Writing,"I will write original legal articles, blogposts",fizzymidas,97%,22,Nigeria,2 Hrs.
Fun & Lifestyle,rate-10,$5,Arts & Crafts,I will sew a cute plush toy of anything you ask me to,starfire8675309,99%,8,United States,1 Hrs.
Writing & Translation,rate-10,$5,Articles & Blog Posts,I will write a 500 word article,kate_morgan,98%,2860,United States,4 Hrs.
Writing & Translation,rate-10,$5,Articles & Blog Posts,"I will do unique SEO Article Writing, Website Content Writing",writerboytm,98%,249,Nigeria,1 Hrs.
Graphics & Design,rate-10,$5,Logo Design,I will design an OUTSTANDING Logo,ei8htz,97%,26861,Indonesia,3 Hrs.
Writing & Translation,rate-10,$15,Articles & Blog Posts,I will research and write 2 blog articles,alexseoexpert,100%,336,India,1 Hrs.
Graphics & Design,rate-10,$5,Logo Design,I will create professional business logo with FREE source file,sam_designz,96%,2678,Pakistan,3 Hrs.
Writing & Translation,rate-10,$5,Articles & Blog Posts,I will write high quality content that is seo optimized,marketwriter,97%,7015,United States,4 Hrs.
Graphics & Design,rate-10,$10,Logo Design,I will do An Awesome LOGO Design,takitchilan,99%,3180,Sri Lanka,1 Hrs.
Graphics & Design,rate-10,$5,Logo Design,I will design Cool Minimal LOGO for your Business,best_designs51,98%,5491,United Arab Emirates,7 Hrs.
Graphics & Design,rate-10,$5,Invitations,I will design a wedding save the date in 24 hours,happycards,97%,7,Pakistan,7 Hrs.
Music & Audio,rate-10,$5,Mixing & Mastering,I will edit and clean up your records,msaybomayl,100%,38,Morocco,3 Hrs.
Business,rate-10,$30,Market Research,"I will research private label products to sell on Amazon, Ebay, Jet",rubykey,98%,56,Thailand,4 Hrs.
Graphics & Design,rate-10,$5,Logo Design,I will design a UNIQUE logo for your company,idesign_4u,98%,9261,United Kingdom,2 Hrs.
Business,rate-10,$25,Market Research,I will do a great market research for your business,adil_saqlain,97%,705,Pakistan,3 Hrs.
Fun & Lifestyle,rate-9,$5,Arts & Crafts,I will do a design of a canvas wall art,subtle009,96%,8,Nigeria,1 Hrs.
Writing & Translation,rate-10,$10,Articles & Blog Posts,I will write an article or blog post to market your business,basulto,100%,832,United States,10 Hrs.
Graphics & Design,rate-10,$5,Logo Design,I will do 2 AMAZING logo designs in 24 hrs with vector files,gigblast,96%,43632,India,3 Hrs.
Business,rate-10,$10,Market Research,I will do deep market research for your Business,aman0112,98%,217,India,2 Hrs.
Writing & Translation,rate-10,$5,Articles & Blog Posts,I will write 500 Words Blog or SEO Article in 24 Hours,digane,99%,4086,India,1 Hrs.
Graphics & Design,rate-10,$20,Invitations,I will design Postcard or Invitation,lilkebson,98%,2,Senegal,1 Hrs.
Business,rate-10,$5,Market Research,I will create smart and responsive Jotform and Typeform for you,sarahahmad,100%,90,Pakistan,1 Hrs.
Writing & Translation,rate-10,$45,Legal Writing,I will create a Generic Customize Terms of Use or Privacy Policy,cindyswiftpro,94%,10,United States,1 Hrs.
Writing & Translation,rate-9,$5,Articles & Blog Posts,I will write a blog article of 500 words,sophie23,95%,556,United States,1 Hrs.
Graphics & Design,rate-10,$5,Logo Design,I will design a logo and a FREE second one,davidtiberiu,97%,7729,Romania,6 Hrs.
Writing & Translation,rate-10,$5,Articles & Blog Posts,I will write Viral Article Upto 1000 words for you in 3 days,alicia1987,97%,1116,United Kingdom,2 Hrs.
Writing & Translation,rate-10,$5,Articles & Blog Posts,"I will write great quality content for you, up to 500 words",avawriter,100%,167,United States,1 Hrs.
Graphics & Design,rate-10,$5,Logo Design,I will design Modern and Clean MINIMALIST logo,perfect_design7,100%,467,Pakistan,1 Hrs.
Music & Audio,rate-10,$25,Mixing & Mastering,I will make your voiceover or podcast audio sound excellent,krismcaudio,100%,79,United Kingdom,8 Hrs.
Writing & Translation,rate-10,$5,Articles & Blog Posts,I will be your content writer,mariaresham,98%,329,Pakistan,3 Hrs.
Writing & Translation,rate-10,$5,Articles & Blog Posts,I will create a 500 word high quality blog or web content quickly,briyce20,99%,869,Philippines,9 Hrs.
Graphics & Design,rate-10,$5,Logo Design,I will do professional business logo,tayyabharoon936,98%,962,Pakistan,1 Hrs.
Music & Audio,rate-10,$5,Mixing & Mastering,I will master your music in less than 24h,pericles102,100%,34,United Kingdom,1 Hrs.
Business,rate-10,$5,Market Research,"I will do professional Market research,web analysis,lead generation",shakilsimul1,99%,48,Bangladesh,1 Hrs.
Writing & Translation,rate-10,$5,Articles & Blog Posts,I will write an Exclusive SEO Article for Your Blog or Website,mjolnir,99%,2640,Macedonia [FYROM],2 Hrs.
Graphics & Design,rate-10,$5,Logo Design,I will do Amazing Logo design,fiverdesigns,99%,1819,India,1 Hrs.
Graphics & Design,rate-10,$5,Logo Design,I will design 2 MODERN Logo,weperfectionist,98%,7697,India,2 Hrs.
Graphics & Design,rate-10,$5,Invitations,I will design a super professional event ticket,uniquegrafix,99%,106,Pakistan,3 Hrs.
Business,rate-9,$50,Market Research,I will create a CUSTOM Market Research Report for your business,kingswiss,95%,116,Nigeria,2 Hrs.
Writing & Translation,rate-10,$5,Articles & Blog Posts,I will provide original content and article writing,iriswest,97%,2428,Kenya,4 Hrs.
Graphics & Design,rate-10,$10,Logo Design,I will design LOGO modern and clean,manoj2016,97%,2063,Sri Lanka,1 Hrs.
Writing & Translation,rate-10,$75,Legal Writing,"I will provide proofreading of legal documents up to 10,000 words",mrltheteacher,98%,5,United States,1 Hrs.
Writing & Translation,rate-10,$10,Articles & Blog Posts,"I will do ARTICLE writing, website content writing or blog writing",paulinamatinaa,95%,239,Kenya,1 Hrs.
Graphics & Design,rate-9,$5,Logo Design,I will design a Professional modern logo for your business,eykhlas,94%,3023,Pakistan,6 Hrs.
Graphics & Design,rate-10,$30,Invitations,I will create a Cute Cartoon Invitation for Your Wedding,georgemussel,97%,10,Greece,2 Hrs.
Graphics & Design,rate-10,$5,Invitations,I will create Amazing Invitations for any Occasion,myartworkcafe,98%,101,Sri Lanka,2 Hrs.
Music & Audio,rate-10,$5,Mixing & Mastering,I will master your Music with Analog Gear,masterdawg,99%,23,Portugal,1 Hrs.
Music & Audio,rate-10,$5,Mixing & Mastering,I will mix your tracks to Perfection,cleronmccoy,98%,695,United States,2 Hrs.
Business,rate-10,$5,Market Research,I will research highly PROFITABLE Ecommerce niche,kind1975,98%,29,United States,3 Hrs.
Writing & Translation,rate-10,$25,Articles & Blog Posts,I will provide original content and article writing,lilymarshall,98%,33,India,3 Hrs.
Graphics & Design,rate-10,$5,Logo Design,I will create impressive business logo,logoartist35,98%,1523,Pakistan,1 Hrs.
Graphics & Design,rate-10,$5,Invitations,I will create an atractive invitation or printable,ligiahgl,100%,49,Venezuela,2 Hrs.
Graphics & Design,rate-9,$5,Invitations,"I will design a wedding or event invitation, brochure, or flyer",maria1994,98%,18,Pakistan,4 Hrs.
Writing & Translation,rate-10,$5,Legal Writing,"I will write any legal Agreements, Website terms and privacy policy",ayeshawaqar,98%,181,Pakistan,1 Hrs.
Writing & Translation,rate-10,$5,Articles & Blog Posts,I will write a 500 word article,redragontatu,100%,1805,United States,4 Hrs.
Graphics & Design,rate-9,$5,Logo Design,I will design EYE catching logo with unlimited revisions,kainydesign,95%,2230,Pakistan,7 Hrs.
Writing & Translation,rate-10,$5,Articles & Blog Posts,I will write an Article for you,natashanixon,99%,17985,Canada,13 Hrs.
Graphics & Design,rate-10,$5,Logo Design,I will design a MODERN logo for you,neoteric_gfx,99%,3519,Pakistan,1 Hrs.
Graphics & Design,rate-10,$10,Logo Design,I will design Eye catching logo,stdesigns,98%,4356,Sri Lanka,3 Hrs.
Graphics & Design,rate-10,$5,Invitations,I will design Professional Tickets For Any Event,geminipixel,99%,23,Pakistan,1 Hrs.
Business,rate-10,$5,Market Research,I will do professional linkedin Lead Generation,sakib_ahmed_,97%,24,Bangladesh,1 Hrs.
Writing & Translation,rate-10,$10,Legal Writing,I will professionally  provide Contractual and Legal Services,prowama,99%,97,Pakistan,1 Hrs.
Writing & Translation,rate-10,$15,Articles & Blog Posts,I will write a unique travel article that shines,deadlycontent,100%,316,Canada,4 Hrs.
Graphics & Design,rate-10,$5,Logo Design,I will design a LOGO for your business or website,grandpa_designs,98%,2469,Pakistan,1 Hrs.
Music & Audio,rate-10,$5,Mixing & Mastering,I will mix your Song and make it sound Major,superioraudio,98%,274,Mexico,2 Hrs.
Business,rate-10,$5,Market Research,I will make a deep internet research,fiveeree,97%,2410,Greece,7 Hrs.
Writing & Translation,rate-9,$10,Legal Writing,I will write contracts or any legal document,ammyr1980,92%,10,United States,1 Hrs.
Fun & Lifestyle,rate-10,$10,Arts & Crafts,I will make watercolor paintings and portraits,rajneeshranjan,100%,4,India,1 Hrs.
Writing & Translation,rate-10,$5,Articles & Blog Posts,I will be your website content writer,articlebrand,97%,140,Nigeria,2 Hrs.
Graphics & Design,rate-10,$5,Logo Design,I will do A LOGO Design,alfredglover,97%,2868,Sri Lanka,7 Hrs.
Graphics & Design,rate-10,$10,Invitations,I will design a beautiful invitation in 48 hours or less,adelinewinata,100%,106,Indonesia,2 Hrs.
Business,rate-10,$10,Market Research,I will do a comprehensive market research,rahul2111,99%,127,India,5 Hrs.
Writing & Translation,rate-10,$15,Legal Writing,"I will write all legal documents, contracts and agreements",rajatpreetsingh,98%,81,India,1 Hrs.
Writing & Translation,rate-10,$5,Articles & Blog Posts,I will write a post for your travel blog,brejay,100%,342,United States,10 Hrs.
Graphics & Design,rate-10,$35,Invitations,I will design a BEAUTIFUL invitation for your event,hirehannah,100%,98,United States,4 Hrs.
Music & Audio,rate-10,$10,Mixing & Mastering,I will edit your PODCAST episodes,davidstudio,100%,467,Bosnia and Herzegovina,3 Hrs.
Business,rate-10,$5,Market Research,I will research and Find highly profitable Ecommerce niche,wise_writer,98%,82,United States,3 Hrs.
Writing & Translation,rate-10,$20,Legal Writing,I will professionally provide Contractual and Legal Services,peakwriter20,97%,6,United States,1 Hrs.
Writing & Translation,rate-10,$5,Articles & Blog Posts,I will create 250 words of innovative SEO content,superpummelo,100%,2443,United States,7 Hrs.
Graphics & Design,rate-10,$5,Logo Design,I will design Heraldic Luxury Brand logo,argjendd11,98%,4849,Albania,1 Hrs.
Business,rate-10,$5,Market Research,"I will do data research Find for you contact,email,web",allursolve,99%,1084,Bangladesh,3 Hrs.
Writing & Translation,rate-10,$15,Legal Writing,I will write your Terms of Service or Privacy Policy,anaghsengupta,100%,29,India,4 Hrs.
Writing & Translation,rate-10,$5,Articles & Blog Posts,I will write a high quality  500 word SEO article in 2 days,donnovan86,99%,4082,Romania,1 Hrs.
Graphics & Design,rate-10,$5,Logo Design,I will design a Retro Vintage LOGO,borydesign,99%,8158,Argentina,3 Hrs.
Graphics & Design,rate-9,$10,Invitations,I will illustrate your wedding invitation,crisshasart,98%,11,Venezuela,1 Hrs.
Music & Audio,rate-10,$20,Mixing & Mastering,I will do mixing and mastering for your songs,atomicsounds,100%,50,United States,1 Hrs.
Writing & Translation,rate-10,$10,Articles & Blog Posts,"I will write a 500 words Blog, article or Website Content",cindyhardy,98%,2322,United Kingdom,3 Hrs.
Graphics & Design,rate-10,$5,Logo Design,I will create a BEAUTIFUL watercolor handmade logo,dannavictoria,96%,1053,Serbia,3 Hrs.
Graphics & Design,rate-10,$5,Logo Design,I will do Unique logo design,sunshee,98%,1160,Sri Lanka,1 Hrs.
Music & Audio,rate-10,$50,Mixing & Mastering,I will master professional audio files and songs,ycbproductions,100%,3,United States,2 Hrs.
Business,rate-10,$5,Market Research,I will do linkedin research for your lead generation,writerhashim,99%,68,Bangladesh,1 Hrs.
Fun & Lifestyle,rate-10,$5,Your Message On...,I will blow up a balloon with your message until it explodes,lindacares,100%,6,United States,1 Hrs.
Fun & Lifestyle,rate-10,$5,Your Message On...,I will be Your Professional Model,ann_model,100%,536,Poland,1 Hrs.
Graphics & Design,rate-10,$5,Logo Design,I will design Feminine Hand drawn Watercolor logo For You,stevanzivkovic,98%,1208,Serbia,1 Day
Business,rate-10,$5,Market Research,I will do Any Market Research or Marketing analysis Report,rabbee,98%,82,Bangladesh,1 Hrs.
Fun & Lifestyle,rate-10,$25,Arts & Crafts,I will cross stitch custom funny quote gift for you,zyleyka,100%,11,Belarus,3 Hrs.
Writing & Translation,rate-10,$5,Articles & Blog Posts,"I will write SEO Articles on Health, Fitness, Diet and Nutrition",emillywriter,98%,461,Kenya,11 Hrs.
Graphics & Design,rate-10,$5,Logo Design,I will design 2 AMAZING logo in 24 hours with free vector files,bossdesigners,96%,15999,India,1 Hrs.
Graphics & Design,rate-10,$10,Invitations,I will design unique invitations for your event,geralorentas,96%,35,Venezuela,2 Hrs.
Writing & Translation,rate-10,$5,Legal Writing,"I will draft terms and conditions, privacy policy and other policies",thesuits,95%,3,India,3 Hrs.
Fun & Lifestyle,rate-10,$5,Arts & Crafts,I will do a doodle or line art of you,lei_salva,96%,2,Philippines,5 Hrs.
Graphics & Design,rate-10,$5,Logo Design,I will do a LOGO design,pamelaaustin,99%,640,Sri Lanka,3 Hrs.
Graphics & Design,rate-10,$5,Invitations,I will design a birthday invitation for kids,kalanasw,99%,237,Sri Lanka,2 Hrs.
Business,rate-10,$5,Market Research,I will do Deep Internet Research And Market Research,v_12345,96%,26,India,1 Hrs.
Fun & Lifestyle,rate-10,$5,Arts & Crafts,I will blow a balloon until it pops and read any message for you,insanelyquirky,100%,15,India,19 Hrs.
Graphics & Design,rate-10,$10,Logo Design,I will do UNIQUE logo design,kanishka,97%,11203,Sri Lanka,5 Hrs.
Graphics & Design,rate-10,$5,Logo Design,I will do 2 EYE catching minimal Logo bonus Free Vector Ai File,designf49,96%,3897,Sri Lanka,8 Hrs.
Business,rate-9,$5,Market Research,I will do any Web research,pontee,95%,89,Bangladesh,1 Hrs.
Writing & Translation,rate-10,$10,Articles & Blog Posts,I will write blog posts or article content with SEO,bookcoach101,100%,153,United States,1 Hrs.
Graphics & Design,rate-10,$5,Logo Design,I will design highly eye catching logo with free Transparent file,cat__designer,99%,993,Pakistan,2 Hrs.
Graphics & Design,rate-10,$10,Logo Design,I will design modern MINIMALIST logo,cristiansticea,97%,1184,Romania,1 Hrs.
Graphics & Design,rate-10,$5,Logo Design,I will design an awesome Vintage or Retro LOGO,brucedesign1989,98%,5664,Vietnam,7 Hrs.
Graphics & Design,rate-9,$5,Invitations,I will design any type of Party and Wedding invitation Cards,sidraawan,95%,23,Pakistan,2 Hrs.
Business,rate-10,$5,Market Research,I will do boolean web research,platooo,99%,78,India,1 Hrs.
Fun & Lifestyle,rate-10,$10,Your Message On...,"I will draw your portrait WSJ style engraving, etching, woodcut, hedcut, stipple",photoenhance,97%,166,Turkey,16 Hrs.
Fun & Lifestyle,rate-10,$10,Arts & Crafts,I will make realistic pencil sketch of anything,rajneeshranjan,100%,5,India,1 Hrs.
Writing & Translation,rate-10,$5,Articles & Blog Posts,"I will do SEO Article Writing, Blog Writing, Content Writing",secontentwriter,99%,25,United States,1 Hrs.
Graphics & Design,rate-10,$5,Logo Design,I will design a PROFESSIONAL logo with unlimited revisions,tony_boi943,96%,5860,Pakistan,3 Hrs.
Business,rate-10,$10,Market Research,I will do Market research and find contact email addresses for you,arunadikshi,99%,90,India,4 Hrs.
Fun & Lifestyle,rate-10,$10,Arts & Crafts,I will design a canvas Art for drop shipping,subtle009,96%,1,Nigeria,1 Hrs.
Writing & Translation,rate-10,$5,Articles & Blog Posts,I will write A Highly Engaging 400 to 500 Words Unique Article or Blog Post,quicklearning,97%,470,Portugal,1 Hrs.
Graphics & Design,rate-9,$5,Logo Design,I will design an elegant business logo for your company,adilaswanii,95%,1661,Pakistan,4 Hrs.
Business,rate-10,$5,Market Research,"I will do Market Research,Web Research,Internet Research",saidul_skga,98%,238,Bangladesh,3 Hrs.
Business,rate-10,$5,Market Research,"I will do data research for contact, phone, email, web",siraj2011,99%,363,Bangladesh,1 Hrs.
Fun & Lifestyle,rate-9,$5,Your Message On...,I will write your message on my body,verovampihz,97%,30,Venezuela,8 Hrs.
Writing & Translation,rate-9,$50,Legal Writing,I will write 2000 word law work for you  in 24 hours,evans_j,95%,9,Kenya,1 Hrs.
Writing & Translation,rate-10,$5,Articles & Blog Posts,I will write the unique content and SEO article and blog post,groundhope,98%,2442,Malaysia,3 Hrs.
Business,rate-9,$20,Market Research,"I will lead Generation, Email Research, Data Entry, Web Research",ibrahimkhalil55,98%,31,Bangladesh,3 Hrs.
Writing & Translation,rate-10,$10,Articles & Blog Posts,I will write a 350 word article on health,andra33,99%,1339,Romania,2 Hrs.
Business,rate-10,$5,Market Research,"I will do data Mining,web scraping and data extraction job within 24 hrs",data_scraping,100%,18,Bangladesh,1 Hrs.
Writing & Translation,rate-10,$5,Articles & Blog Posts,I will do seo optimized Article Writing in 24 hours,shoaibashraf12,98%,1299,Pakistan,1 Hrs.
Fun & Lifestyle,rate-10,$5,Your Message On...,"I will be your model, hold your sign on the photo",mari_freedom,99%,14,Ukraine,8 Hrs.
Digital Marketing,rate-10,$5,Web Analytics,I will improve your website  conversion rate quickly,fauveauxm,100%,5,France,6 Hrs.
Digital Marketing,rate-10,$5,Web Analytics,"I will implement Google Analytics, Webmaster, Sitemap n Robots txt",syedmusslim,100%,15,Pakistan,3 Hrs.
Digital Marketing,rate-10,$5,Web Analytics,I will setup and Install Google Analytics on your website or Blog,amazing_writing,96%,5,United States,1 Hrs.
Digital Marketing,rate-10,$5,Web Analytics,I will setup and install Google Analytics on your website,alanletsgo,100%,8008,United States,14 Hrs.
Digital Marketing,rate-10,$10,Web Analytics,I will improve your ecommerce website conversion rate,jerbyt,99%,6,Israel,1 Day
Digital Marketing,rate-10,$5,Web Analytics,I will setup Google Analytics and Webmaster Tools,bldesign,99%,12,United Kingdom,1 Hrs.
Digital Marketing,rate-10,$5,Domain Research,I will find High quality expired domain with high metrics,expart_seo,100%,7,Bangladesh,3 Hrs.
Digital Marketing,rate-10,$5,Domain Research,I will find Expired Domains High Quality seo friendly Aged for PBN,aliceferrand,98%,19,Pakistan,1 Hrs.
Digital Marketing,rate-10,$15,Domain Research,I will register five Moz PA35 expired tumblr blogs with trust flow,bytelawd,99%,80,United States,11 Hrs.
Digital Marketing,rate-10,$10,Domain Research,"I will register 5 expired tumblr blogs with trust flow 5,10,20",thatlinksguy,99%,47,United States,5 Hrs.
Digital Marketing,rate-10,$5,Domain Research,"I will research, brainstorm and find 5 PRO domain names",virtualsuperman,100%,29,Slovakia,1 Hrs.
Digital Marketing,rate-10,$5,Domain Research,I will research Brand Domain Name with Logo Design,ansaritech,98%,6,India,1 Hrs.
Digital Marketing,rate-10,$5,Domain Research,I will research and find High Quality Domain names for you,webservices_pro,95%,5,United States,2 Hrs.
Digital Marketing,rate-10,$5,Domain Research,I will find expired domains with High metrics For PBN,salman300,97%,15,Bangladesh,4 Hrs.
Digital Marketing,rate-10,$5,Domain Research,I will find and Register  expired Tumblr blog with Moz PA 40 plus,evolveseo,99%,65,Serbia,5 Hrs.
Digital Marketing,rate-10,$5,Domain Research,I will find out 2 Expired Domain,emran4,97%,56,Bangladesh,1 Hrs.
Digital Marketing,rate-10,$5,Domain Research,I will register 4 expired Tumblr blogs with PA 35 or above for you,evolveseo,99%,25,Serbia,5 Hrs.
Digital Marketing,rate-10,$10,Domain Research,I will do domain research for you,raina07,99%,5,Australia,3 Hrs.
Digital Marketing,rate-10,$15,Web Analytics,I will promote your movie online,scepia,98%,22,Bangladesh,3 Hrs.
Digital Marketing,rate-10,$5,Domain Research,I will suggest seo friendly DOMAIN names,article_clark,93%,8,United States,1 Hrs.
Digital Marketing,rate-10,$5,Web Analytics,I will analyze your website and suggest improvements for rankings,syedmusslim,100%,17,Pakistan,3 Hrs.
Digital Marketing,rate-10,$5,Domain Research,I will find 2 High Pa Da Tf Cf expired DOMAINS for Pbns,vfmseo,100%,175,Pakistan,3 Hrs.
Digital Marketing,rate-9,$5,Domain Research,I will provide 5 marketable domain name ideas,jawbrain,95%,160,United States,14 Hrs.
Digital Marketing,rate-10,$25,Web Analytics,I will setup google optimize ab split testing,zimamedia,98%,2,United States,2 Hrs.
Digital Marketing,rate-10,$5,Domain Research,I will research 10 Brand Domain name with LOGO,seotalent,96%,2,Pakistan,1 Hrs.
Digital Marketing,rate-10,$5,Web Analytics,I will install Google Search Console and fix errors,zimamedia,98%,23,United States,2 Hrs.
Digital Marketing,rate-10,$5,Domain Research,I will give 10 expired Weebly blogs PA 28 PLus,kavitagupta2868,99%,13,India,1 Hrs.
Digital Marketing,rate-10,$5,Web Analytics,I will install Google Tag Manager to your website,shahnidhi_14,99%,22,India,4 Hrs.
Digital Marketing,rate-9,$5,Domain Research,I will research and suggest Available Domain Name,brand_queen,93%,7,United States,1 Hrs.
Digital Marketing,rate-10,$5,Email Marketing,"I will give you 800,000 USA niche related email marketing list",sbenah1995,97%,143,Unknown,3 Hrs.
Digital Marketing,rate-10,$5,Domain Research,I will register 6 Tumblr blogs with PA 30 or above with Trust Flow,evolveseo,99%,19,Serbia,5 Hrs.
Digital Marketing,rate-10,$10,Web Analytics,I will be your Google Tag Manager expert,ahmarif2015,97%,3,Pakistan,1 Hrs.
Digital Marketing,rate-10,$5,Email Marketing,I will create an Impressive Email AUTORESPONDER Pack,zenaidaar,99%,753,Canada,7 Hrs.
Digital Marketing,rate-10,$5,Domain Research,I will help you pick a classy domain name based on SEO research,srdjanjo,100%,12,Serbia,2 Hrs.
Digital Marketing,rate-10,$5,Email Marketing,I will create you a responsive email NEWSLETTER for your business or personal use,phpservice,97%,489,Pakistan,1 Hrs.
Digital Marketing,rate-10,$5,Domain Research,I will research 20 Brand Domain name with LOGO,seoresearcherr,100%,6,Turkey,7 Hrs.
Digital Marketing,rate-10,$5,Email Marketing,I will work as your Mailchimp Expert,msrsuvo,99%,142,Bangladesh,2 Hrs.
Digital Marketing,rate-9,$5,Domain Research,I will find SEO friendly high metrics expired domain,debobrotodas,93%,14,Bangladesh,1 Hrs.
Digital Marketing,rate-9,$5,Domain Research,I will register for you a domain name in godaddy,holasingh,96%,16,India,3 Hrs.
Digital Marketing,rate-10,$20,Email Marketing,I will design MailChimp Editable HTML Template,zedkode,99%,151,Bangladesh,1 Hrs.
Digital Marketing,rate-10,$5,Web Analytics,I will promote IMDb profile and help to UP STARmeter,scepia,98%,189,Bangladesh,3 Hrs.
Digital Marketing,rate-10,$5,Domain Research,I will suggest optimal domain names,startselect,99%,91,Nicaragua,6 Hrs.
Digital Marketing,rate-10,$15,Email Marketing,I will write short but effective EMAILS for your email marketing campaign,amyample,98%,2793,Canada,1 Hrs.
Digital Marketing,rate-10,$5,Domain Research,I will find Niche Relevant High Pa Da Cf Tf Expired Domains,rashidr76,99%,43,Pakistan,1 Hrs.
Digital Marketing,rate-10,$30,Web Analytics,I will set up Google Analytics in Shopify,georgecollins,99%,1,United Kingdom,2 Hrs.
Digital Marketing,rate-10,$10,Domain Research,I will suggest seo friendly DOMAIN names,amyample,98%,388,Canada,1 Hrs.
Digital Marketing,rate-10,$5,Email Marketing,"I will give 60,000 niche based clean EMAIL lists",mominur9,98%,29,Bangladesh,1 Hrs.
Digital Marketing,rate-10,$5,Domain Research,I will do Research and Suggest Quality domain name for you,brandmavins,98%,7,Nigeria,1 Hrs.
Digital Marketing,rate-10,$5,Email Marketing,I will do email marketing for you,rizwanniz1982,99%,29,Pakistan,1 Hrs.
Digital Marketing,rate-10,$5,Domain Research,I will find expired domains with High metrics For PBN,pbn_seo_expert,99%,522,Pakistan,2 Hrs.
Digital Marketing,rate-10,$50,Web Analytics,I will find you C Level Email Lead out of Company or Domain names,step2infinity,100%,7,Bangladesh,1 Hrs.
Digital Marketing,rate-10,$10,Email Marketing,I will write Engaging Emails For Your Email Marketing Campaign,fastest_article,97%,172,United Kingdom,3 Hrs.
Digital Marketing,rate-10,$20,Email Marketing,I will code psd to responsive html email   mailchimp template,thecodeville,98%,165,India,2 Hrs.
Digital Marketing,rate-10,$5,Web Analytics,I will install Google Tag Manager GTM and help in large scale migration of analytics,gkrish12345,98%,128,India,2 Hrs.
Digital Marketing,rate-9,$20,Email Marketing,I will design an AWESOME email newsletter,denniscarter,95%,33,United States,3 Hrs.
Digital Marketing,rate-10,$5,Email Marketing,I will give you 1M UK Business Email Lists,hasibul34,97%,23,Bangladesh,2 Hrs.
Digital Marketing,rate-10,$5,Web Analytics,I will setup google analytics webmaster tools and sitemap,magecomp,99%,728,India,4 Hrs.
Digital Marketing,rate-10,$5,Email Marketing,I will manually Extract 50K Niche Based Clean EMAIL Lists,super_article,97%,20,Nigeria,1 Hrs.
Digital Marketing,rate-10,$5,Email Marketing,"I will provide 5M us, uk Email Lists for business",glen8888,99%,28,United States,12 Hrs.
Digital Marketing,rate-10,$5,Web Analytics,I will dramatically improve your website conversion rates,vinhly1,99%,565,France,5 Hrs.
Digital Marketing,rate-10,$5,Email Marketing,"I will send bulk EMAIL with text, html, images",jhonnc,99%,348,Bangladesh,1 Hrs.
Digital Marketing,rate-10,$5,Web Analytics,I will create complete site seo audit report for WIX,seo_monsters,99%,14,Pakistan,1 Hrs.
Digital Marketing,rate-10,$5,Email Marketing,"I will give 300,000 niche based clean EMAIL lists",redblitz,99%,75,Indonesia,1 Hrs.
Digital Marketing,rate-10,$5,Email Marketing,I will design you mailchimp template newsletter,jack1020,98%,199,Bangladesh,1 Hrs.
Digital Marketing,rate-10,$5,Web Analytics,I will set up Google Analytics and Tag Manager,georgecollins,99%,79,United Kingdom,2 Hrs.
Digital Marketing,rate-10,$5,Email Marketing,I will create Editable MAILCHIMP Template,kamal87,98%,27,Bangladesh,1 Hrs.
Digital Marketing,rate-10,$20,Web Analytics,I will be your Google Analytics guru,ahmarif2015,97%,10,Pakistan,1 Hrs.
Digital Marketing,rate-10,$10,Email Marketing,I will setup your mailchimp  email template,adobe123,98%,583,India,1 Hrs.
Digital Marketing,rate-10,$5,Email Marketing,I will do email marketing for you,clickbank500,97%,109,Morocco,10 Hrs.
Digital Marketing,rate-10,$5,Email Marketing,I will do email marketing for you,mintu1992,97%,146,Bangladesh,2 Hrs.
Digital Marketing,rate-10,$20,Email Marketing,I will design editable mailchimp Template within 24 hour,emailshuvo,100%,62,Bangladesh,1 Hrs.
Digital Marketing,rate-9,$5,Email Marketing,I will write 2 PROFITABLE email swipe for your email marketing campaign,seowritersking,95%,56,United States,2 Hrs.
Digital Marketing,rate-10,$5,Email Marketing,I will provide 25 day Email AUTORESPONDER Series for your niche,zenaidaar,99%,160,Canada,7 Hrs.
Digital Marketing,rate-10,$25,Email Marketing,I will design and code email marketing newsletter,dino1201,99%,253,India,3 Hrs.
Digital Marketing,rate-10,$5,Email Marketing,"I will provide 10,000 target email lists as per your need",emrul_khan90,98%,35,Bangladesh,9 Hrs.
Digital Marketing,rate-10,$5,Email Marketing,I will provide targeted Email List B2B Business Leads yellow page,fiazanwar,97%,59,Pakistan,1 Hrs.
Writing & Translation,rate-10,$10,Legal Writing,I will deliver a legal documents package of 21 legal documents,thesuits,95%,129,India,3 Hrs.
Business,rate-10,$5,Market Research,I will do DEEP Internet Research,mistimoni,99%,54,Bangladesh,1 Hrs.
Fun & Lifestyle,rate-10,$5,Your Message On...,I will be your professional model,kaylarom,99%,14,Italy,2 Hrs.
Fun & Lifestyle,rate-10,$10,Greeting Cards & Videos,I will design a any beautiful greeting card,saaqib,100%,8,Pakistan,2 Hrs.
Digital Marketing,rate-10,$5,Mobile Advertising,I will write Android App Description ASO Friendly,rayanwilliams,99%,77,Canada,1 Hrs.
Digital Marketing,rate-10,$5,Mobile Advertising,I will write iOS app description ASO friendly,rayanwilliams,99%,4,Canada,1 Hrs.
Digital Marketing,rate-9,$5,Mobile Advertising,I will promote your android ios application,farhan_israk,90%,7,Bangladesh,1 Hrs.
Graphics & Design,rate-10,$50,Banner Ads,I will design PROFESSIONAL roll up banner,deluxemedia,99%,50,United States,1 Hrs.
Graphics & Design,rate-10,$5,Banner Ads,I will design 6 Professional Web BANNER Ads,nguruzz,99%,1535,Kenya,2 Hrs.
Graphics & Design,rate-10,$10,Banner Ads,"I will design AMAZING Banner Ads, Website Headers for you",mintmodo,100%,378,Sri Lanka,2 Hrs.
Graphics & Design,rate-10,$5,Banner Ads,"I will design Advertisement, magazine ad in 24 hrs",jaydeo,99%,405,India,3 Hrs.
Graphics & Design,rate-10,$5,Banner Ads,I will make you FACEBOOK Ad Image,integrity7,100%,131,Serbia,6 Hrs.
Graphics & Design,rate-10,$10,Banner Ads,I will design an Attractive Banner Ad in 24 hours,gopros,98%,205,United States,10 Hrs.
Graphics & Design,rate-10,$5,Banner Ads,"I will design a Professional web banner,header,ads,cover, etc",oky_andi_p,97%,129,Indonesia,1 Hrs.
Graphics & Design,rate-10,$5,Banner Ads,I will design awesome Facebook Ads,design0killer,99%,557,Sri Lanka,1 Hrs.
Graphics & Design,rate-10,$30,Banner Ads,"I will design a Stand,Retractable,Backdrop,Pop Up,Signage,Billboard Banner",dezign99co,98%,37,Turkey,1 Hrs.
Graphics & Design,rate-10,$5,Banner Ads,I will design banner ads in just 24 hours,prodesign47,99%,288,Pakistan,1 Hrs.
Graphics & Design,rate-10,$35,Banner Ads,I will create 6 Sizes HTML5 Creative Banner Ads,asyaartyomova,100%,23,Ukraine,1 Hrs.
Graphics & Design,rate-10,$5,Banner Ads,I will create a Banner or header for your site,bjbravo,98%,1059,Venezuela,4 Hrs.
Graphics & Design,rate-10,$10,Banner Ads,I will fulfill your graphic design needs within 48 hours,volunteer,100%,3810,United Kingdom,7 Hrs.
Digital Marketing,rate-10,$5,Video Marketing,I will manually make Video submission on 85 video sharing sites PR 9 to 4,smartseos,97%,5145,India,11 Hrs.
Digital Marketing,rate-9,$5,Video Marketing,I will promote your YouTube videos with Facebook Ads,hdflatbeats,96%,42,United States,11 Hrs.
Graphics & Design,rate-10,$15,Book Covers & Packaging,"I will do label, package, box or bag design",vprint,96%,291,India,1 Hrs.
Graphics & Design,rate-10,$5,Book Covers & Packaging,I will create a 3D ebook cover,kristi1603,98%,3810,Albania,15 Hrs.
Graphics & Design,rate-10,$15,Book Covers & Packaging,I will design a Book COVER,ilgeorgiev,100%,3108,Bulgaria,3 Hrs.
Graphics & Design,rate-10,$5,Book Covers & Packaging,I will make product label for you,alexfun,99%,383,Pakistan,1 Hrs.
Graphics & Design,rate-10,$55,Book Covers & Packaging,I will create Professional PDF booklet or ebook,edesign9,99%,338,Sri Lanka,2 Hrs.
Graphics & Design,rate-10,$5,Book Covers & Packaging,I will design PROFESSIONAL Ebook Cover or Kindle Cover,creativelog,99%,6934,Bahrain,4 Hrs.
Graphics & Design,rate-10,$45,Flyers & Posters,I will design Professional BUSINESS Flyer or Brochure,micastudios,99%,177,Portugal,10 Hrs.
Graphics & Design,rate-10,$5,Flyers & Posters,I will design a PROFESSIONAL Brochure or Flyer,fivercrazyguy,99%,1471,Sri Lanka,1 Hrs.
Graphics & Design,rate-10,$5,Flyers & Posters,I will design AMAZING Events flyer,flyerxpert,98%,600,Pakistan,1 Hrs.
Graphics & Design,rate-10,$5,Flyers & Posters,I will design a PROFESSIONAL Flyer,designboom,99%,1504,Slovenia,5 Hrs.
Graphics & Design,rate-10,$15,Flyers & Posters,"I will design the PERFECT, most appealing and creative flyer",thereafter,97%,1794,Romania,9 Hrs.
Graphics & Design,rate-10,$5,Flyers & Posters,"I will design a beautiful flyer, poster or brochure",graphics125,98%,2565,India,11 Hrs.
Graphics & Design,rate-10,$5,Flyers & Posters,"I will create an OUTSTANDING flyer design, brochure, poster",infinitedevelop,99%,1565,Bulgaria,1 Hrs.
Graphics & Design,rate-9,$30,Flyers & Posters,"I will do Professional car,  truck or van wrap designs in 24 hrs",dianastone,96%,194,Pakistan,1 Hrs.
Graphics & Design,rate-10,$5,Flyers & Posters,I will do any FLYER design,mayashani,98%,494,Sri Lanka,1 Hrs.
Graphics & Design,rate-10,$55,Book Covers & Packaging,I will design packaging Box and gift box,gsandaru,99%,455,Sri Lanka,2 Hrs.
Graphics & Design,rate-10,$5,Flyers & Posters,I will design flat Advertising Flyer,yashgo96,99%,653,India,2 Hrs.
Graphics & Design,rate-10,$5,Book Covers & Packaging,I will design Awesome Book Cover For you,hmd_gfx,99%,987,Pakistan,1 Hrs.
Graphics & Design,rate-10,$5,Flyers & Posters,"I will do any Flyer,Poster design",sunshee,98%,609,Sri Lanka,1 Hrs.
Digital Marketing,rate-10,$5,SEO,I will do 4000 VIP seo backlinks from 7 top platforms to youtube videos or your website,volarex,98%,19516,Indonesia,2 Hrs.
Graphics & Design,rate-10,$15,Book Covers & Packaging,I will design you an awesome book cover,vikncharlie,98%,8060,United Kingdom,5 Hrs.
Graphics & Design,rate-10,$5,Flyers & Posters,"I will design a custom business flyer, poster in 24 hours",gauravcgx,98%,720,India,5 Hrs.
Digital Marketing,rate-10,$60,SEO,I will help Recover your Penalized Website with a Link Detox Analysis and Disavow,danalytics,99%,416,United States,13 Hrs.
Graphics & Design,rate-10,$5,Flyers & Posters,"I will design an AWESOME flyer, business card, banner or cover",roxanad,99%,1882,Romania,9 Hrs.
Digital Marketing,rate-10,$5,SEO,I will create Unique IFTTT Syndication Network For Any Rss Feed,geminiguy,99%,374,Pakistan,2 Hrs.
Graphics & Design,rate-9,$10,Book Covers & Packaging,I will create a product packaging design or label design,hezolramona,95%,82,Sri Lanka,1 Hrs.
Graphics & Design,rate-10,$15,Flyers & Posters,I will design a Poster or Flyer and matching Ticket,zameerameerdeen,99%,466,Sri Lanka,1 Hrs.
Digital Marketing,rate-10,$45,SEO,I will do 25 High Tf Cf Da Pa Homepage Pbn BACKLINKS Permanent,vfmseo,100%,142,Pakistan,3 Hrs.
Graphics & Design,rate-10,$5,Flyers & Posters,"I will design an Amazing Flyer, Banner, Cover, Business Card or Post Card",cosminmala,99%,4374,Romania,3 Hrs.
Digital Marketing,rate-10,$5,SEO,I will provide 100 PBN Setup with Blog Posts for Top 5 Rankings,niche_backlink,99%,1466,United States,8 Hrs.
Digital Marketing,rate-10,$50,SEO,I will do high pr social SEODominator backlink to blog site youtube for yahoo bing rank,volarex,98%,2514,Indonesia,2 Hrs.
Graphics & Design,rate-10,$40,Book Covers & Packaging,I will do your product packaging design,fenixservices,99%,118,Switzerland,3 Hrs.
Graphics & Design,rate-10,$5,Flyers & Posters,I will design a stunning flyer or Poster,aamirrookie,98%,1255,Pakistan,1 Hrs.
Graphics & Design,rate-10,$5,Book Covers & Packaging,I will design PROFESSIONAL book cover or ebook cover,rebecacovers,100%,184,France,8 Hrs.
Graphics & Design,rate-10,$5,Flyers & Posters,"I will design creative Flyer, Brochure, Poster",chanakacg,98%,4224,Sri Lanka,17 Hrs.
Digital Marketing,rate-10,$5,SEO,I will do Omega V1 Exclusive SEO Link Building Service,tuhin2u,99%,3079,India,5 Hrs.
Graphics & Design,rate-10,$15,Book Covers & Packaging,I will design AMAZING product label,jojomaster,99%,1786,Sri Lanka,3 Hrs.
Graphics & Design,rate-10,$15,Flyers & Posters,I will design Eye Catching Flyers and Brochures For Your Business,vikasswami,99%,151,India,2 Hrs.
Digital Marketing,rate-10,$10,SEO,"I will build, high Quality SEO Backlinks,to website improving",seo_rank_first,100%,835,United States,1 Day
Graphics & Design,rate-10,$5,Book Covers & Packaging,I will design Unique eBook Cover,cwiney,98%,1269,Indonesia,1 Hrs.
Graphics & Design,rate-10,$5,Flyers & Posters,"I will design flyer, brochure, poster and postcard in 12 hours",adnan_siddiqui,99%,1013,Malaysia,1 Hrs.
Graphics & Design,rate-10,$40,Book Covers & Packaging,I will design Product Label and packaging,rvisakhiya,98%,53,India,1 Hrs.
Graphics & Design,rate-10,$5,Flyers & Posters,"I will do Professional Flyer,poster,brochure design in 24hrs",cynthia_yureni,99%,1148,United States,1 Hrs.
Digital Marketing,rate-10,$10,SEO,I will improve and optimize your website SEO,orialmehmeti,100%,306,Albania,1 Hrs.
Digital Marketing,rate-10,$10,Video Marketing,I will do youtube seo in 24 hours,elainekelly971,96%,149,Spain,1 Hrs.
Graphics & Design,rate-10,$5,Book Covers & Packaging,I will design 2 Ebook Cover in 24 Hours,niezeka,97%,1947,Indonesia,3 Hrs.
Graphics & Design,rate-10,$10,Flyers & Posters,I will design Flyer or Brochure,gsandaru,99%,704,Sri Lanka,2 Hrs.
Digital Marketing,rate-10,$5,SEO,I will do 25 permanent PBN contextual backlinks trust flow 20,jeremymass_seo,98%,549,United Kingdom,8 Hrs.
Graphics & Design,rate-10,$5,Flyers & Posters,I will design a complete flyer for you,jbinspiration,99%,1351,Spain,1 Hrs.
Digital Marketing,rate-10,$5,SEO,I will do ultimate seo service for page 1 rankings in 10 Days,ultimate_seoguy,98%,1508,United States,8 Hrs.
Digital Marketing,rate-10,$5,Video Marketing,I will improve your YouTube video business,mawa03,100%,19,Bangladesh,1 Hrs.
Graphics & Design,rate-10,$10,Book Covers & Packaging,I will design Kindle or eBook Cover,vikiana,99%,10078,Bulgaria,10 Hrs.
Digital Marketing,rate-10,$5,SEO,"I will skyrocket your RANKINGS with Exclusive Seo, Backlinks for Website and Youtube",onlinesunb,99%,7358,United Kingdom,3 Hrs.
Digital Marketing,rate-10,$50,Video Marketing,I will do Youtube Massive Social Media Promote and Viralize Organic Seo Campaign,smartseos,97%,175,India,11 Hrs.
Graphics & Design,rate-10,$15,Book Covers & Packaging,I will design a cute product package or label,cerealbx,99%,116,Spain,2 Hrs.
Graphics & Design,rate-10,$10,Banner Ads,I will do Multipurpose Web Ad Banner,maxlogodesigns,98%,21,Sri Lanka,3 Hrs.
Graphics & Design,rate-9,$30,Banner Ads,I will design A Fantastic Roll up banner,fourslash,94%,286,Pakistan,5 Hrs.
Digital Marketing,rate-10,$5,Video Marketing,I will drive TRAFFIC for YouTube Views via Social Media Seo,best_seo,100%,157,India,3 Hrs.
Graphics & Design,rate-10,$20,Book Covers & Packaging,I will create a product packaging design or a label design,marcstudios,99%,71,United States,1 Hrs.
Digital Marketing,rate-10,$50,SEO,I will perform Complete SEO Optimization,zuhairhussain,99%,107,Pakistan,1 Hrs.
Graphics & Design,rate-10,$5,Banner Ads,I will create web banner or ad,focusvision,100%,1537,Sri Lanka,2 Hrs.
Digital Marketing,rate-10,$5,Video Marketing,I will manually upload your video to top 40 video sharing sites,johman,99%,110,Morocco,3 Hrs.
Graphics & Design,rate-10,$10,Book Covers & Packaging,I will design your album cover,kidslikefran,99%,1561,United States,12 Hrs.
Graphics & Design,rate-10,$15,Flyers & Posters,I will create the best VINTAGE poster flyer or banner,wuerz123,96%,612,Germany,2 Hrs.
Graphics & Design,rate-9,$5,Book Covers & Packaging,I will design PROFESSIONAL Ebook Cover Or Kindle Cover design,photo_arena,96%,537,Pakistan,1 Hrs.
Graphics & Design,rate-10,$5,Flyers & Posters,I will design professional business flyer,ashikulislam,100%,260,Bangladesh,1 Hrs.
Digital Marketing,rate-10,$5,SEO,I will do Complete SEO for Shopify Store,wordpresseo101,99%,482,United States,1 Hrs.
Graphics & Design,rate-10,$10,Book Covers & Packaging,I will design a cool Single or Mixtape cover,iam_sam,100%,194,Kenya,1 Hrs.
Graphics & Design,rate-10,$10,Flyers & Posters,"I will design Mixtape , Album covers and Flyers",mysellertop,100%,768,Greece,2 Hrs.
Digital Marketing,rate-10,$5,Video Marketing,"I will watch, like, and comment on your Youtube videos",hnabna,98%,11,United States,1 Hrs.
Graphics & Design,rate-10,$75,Book Covers & Packaging,I will design Unique Album Cover,jakubk,100%,35,Poland,2 Hrs.
Graphics & Design,rate-10,$5,Flyers & Posters,I will design KILLER Print Ready Event Flyer,kasunew,99%,954,Sri Lanka,2 Hrs.
Digital Marketing,rate-10,$5,SEO,I will create 50 Permanent PBN Posts on High Trust flow domains,peter_backlinks,99%,1243,Morocco,1 Hrs.
Graphics & Design,rate-10,$5,Book Covers & Packaging,I will design PROFESSIONAL book cover or ebook cover,germancreative,100%,1507,Germany,14 Hrs.
Graphics & Design,rate-10,$10,Flyers & Posters,I will design a mixtape or album cover or flyer,sheergenius,99%,2359,United States,1 Hrs.
Digital Marketing,rate-10,$5,SEO,I will build manually exclusive SEO backlinks in 24 hour,nextusit,99%,1402,Bangladesh,1 Hrs.
Digital Marketing,rate-10,$5,Mobile Advertising,"I will promote your link or website to 6,00,000 Real and Active fb Users",fast_5r,96%,684,Netherlands,17 Hrs.
Digital Marketing,rate-10,$5,Video Marketing,I will promote youtube video through suggested videos encouraging Views,aaliyaan,100%,129,Pakistan,4 Hrs.
Graphics & Design,rate-10,$10,Book Covers & Packaging,I will design a CD album cover,gagadesign,99%,452,Serbia,4 Hrs.
Graphics & Design,rate-10,$10,Flyers & Posters,"I will design professional brochure, brochure design",rosario_touch,98%,137,Bangladesh,1 Hrs.
Digital Marketing,rate-10,$5,Mobile Advertising,I will write a sensational ASO app description,ajayfindlay,99%,28,Brazil,1 Hrs.
Digital Marketing,rate-10,$5,Mobile Advertising,I will promote apps product website to 60M social audience,jk0315,92%,4,Pakistan,3 Hrs.
Digital Marketing,rate-10,$5,Video Marketing,I will manually submit VIDEO to 80 video sharing submission PR9 sites,vfmseo,100%,108,Pakistan,3 Hrs.
Graphics & Design,rate-10,$25,Flyers & Posters,"I will design you a UNIQUE poster, card, flyer",lenasemenkova,100%,722,Ukraine,1 Hrs.
Digital Marketing,rate-10,$10,SEO,I will do 6 Manual High TRUST Flow Backlinks,althorien,98%,1234,Croatia,13 Hrs.
Digital Marketing,rate-9,$5,Video Marketing,I will do viral youtube promotion within 24 hours,sherildecer,95%,28,Sri Lanka,1 Hrs.
Graphics & Design,rate-10,$20,Book Covers & Packaging,I will create a product packaging design or label design,madhavkmcy,98%,1693,Nepal,4 Hrs.
Graphics & Design,rate-10,$5,Flyers & Posters,I will design amazing Corporate BROCHURE,designer119,99%,1264,Sri Lanka,2 Hrs.
Digital Marketing,rate-10,$5,Mobile Advertising,I will professionally write ASO description for your app or game,marketingxpat,95%,4,United States,3 Hrs.
Graphics & Design,rate-10,$5,Banner Ads,I will create IRRESISTIBLE web banner ads,thisko,98%,1276,Romania,3 Hrs.
Graphics & Design,rate-10,$10,Banner Ads,"I will design professional facebook,google,instagram,banner ads",dilzgraphic,97%,100,Sri Lanka,7 Hrs.
Digital Marketing,rate-10,$5,Video Marketing,I will promote your music or video To go Viral Killer promotion,haseebnasir,98%,20,Pakistan,1 Hrs.
Graphics & Design,rate-10,$5,Flyers & Posters,"I will design AMAZING flyer, poster, brochure, card",yanitsa,97%,4052,Bulgaria,1 Day
Digital Marketing,rate-10,$5,SEO,"I will create 200,000 High Quality, GSA Ser, Backlinks, For Seo",robin15,99%,784,Pakistan,4 Hrs.
Digital Marketing,rate-10,$5,SEO,"I will explode your Results with Exclusive SEO, High Pr,Backlinks",lisa_rank,100%,313,Greece,1 Hrs.
Graphics & Design,rate-10,$30,Book Covers & Packaging,"I will design Business Proposal or Annual Report, Booklet",rizidesigner,100%,28,Pakistan,1 Hrs.
Digital Marketing,rate-10,$55,SEO,"I will create Perfect Backlinks, Monthly SEO Service",tuhin2u,99%,304,India,5 Hrs.
Graphics & Design,rate-10,$5,Book Covers & Packaging,I will design INESTIMABLE kindle cover and createspace book covers,mnsartstudionew,99%,544,Sri Lanka,3 Hrs.
Graphics & Design,rate-10,$5,Flyers & Posters,I will do any graphic design,ara49_official,99%,551,Sri Lanka,1 Hrs.
Digital Marketing,rate-10,$10,SEO,I will create over 11000 tiered contextual SEO backlinks,gopo2k,99%,258,Romania,1 Hrs.
Digital Marketing,rate-10,$5,Mobile Advertising,I will promote games play store iPhone apps webs to 65M audience,jk0315,92%,6,Pakistan,3 Hrs.
Digital Marketing,rate-10,$15,Video Marketing,I will embed Video with The Traffic Geyser Explosion Gig,spidernewmedia,99%,546,United States,2 Days
Graphics & Design,rate-10,$5,Flyers & Posters,I will do any FLYER design,shanaliya,99%,480,Sri Lanka,1 Hrs.
Digital Marketing,rate-10,$10,SEO,I will do SEO work for your website,alanletsgo,100%,629,United States,14 Hrs.
Graphics & Design,rate-10,$5,Banner Ads,I will design Roll up and retractable banners for you,pixels_picker,98%,125,Pakistan,2 Hrs.
Digital Marketing,rate-10,$5,Video Marketing,I will do Audience YouTube   Video marketing,likerz0007,99%,130,India,3 Hrs.
Graphics & Design,rate-10,$5,Book Covers & Packaging,I will design unique Eye Catching book cover or Kindle Cover,peacockdesign,98%,569,Macedonia [FYROM],1 Hrs.
Graphics & Design,rate-10,$20,Book Covers & Packaging,I will design a UNIQUE Book Cover,okomota,99%,525,Greece,8 Hrs.
Graphics & Design,rate-10,$15,Flyers & Posters,I will design eye catching flyers and posters for you,alexcst,98%,473,Romania,3 Hrs.
Digital Marketing,rate-10,$5,SEO,I will do Manual Social bookmarking upto 200 sites PR 9 to 3 with guaranteed Index,smartseos,97%,9130,India,11 Hrs.
Graphics & Design,rate-10,$5,Book Covers & Packaging,I will create product packaging for you,sanapirzadaa,97%,101,Pakistan,1 Hrs.
Graphics & Design,rate-10,$25,Flyers & Posters,I will make Killer Flyer Design,rosemary_1,100%,274,Pakistan,2 Hrs.
Digital Marketing,rate-10,$25,SEO,"I will 30 Days SEO Service, Daily Whitehat Backlinks Package",crorkservice,99%,103,Moldova,3 Hrs.
Digital Marketing,rate-10,$5,Mobile Advertising,"I will provide genuine,valid mobile numbers data for SMS marketing",wilson069,100%,3,United States,8 Hrs.
Graphics & Design,rate-10,$5,Flyers & Posters,"I will design the ULTIMATE flyer, postcard or banner",fiverjohnny,96%,1159,Romania,1 Hrs.
Digital Marketing,rate-10,$5,Mobile Advertising,I will write Mobile App marketing plan,manuappil,100%,3,Pakistan,5 Hrs.
Graphics & Design,rate-9,$15,Book Covers & Packaging,I will design an eye catching PRODUCT package design,crazzy,96%,589,Sri Lanka,2 Days
Graphics & Design,rate-10,$10,Flyers & Posters,I will create an AWESOME Poster or Flyer from your favorite quote,arttached,98%,1448,India,5 Hrs.
Digital Marketing,rate-10,$5,Mobile Advertising,I will make Beautiful App screenshots for App store and Google Play,rayanwilliams,99%,12,Canada,1 Hrs.
Graphics & Design,rate-10,$30,Banner Ads,"I will design a Backdrop,Tradeshow Booth,Retractable Banner",dezign99co,98%,72,Turkey,1 Hrs.
Graphics & Design,rate-10,$35,Book Covers & Packaging,I will design Professional Product Label of your Product,gd2p01,99%,1400,Pakistan,1 Hrs.
Digital Marketing,rate-10,$5,Mobile Advertising,I will provide you 10000 Phone Numbers list from any region,sanaa_ullah,99%,9,Pakistan,3 Hrs.
Digital Marketing,rate-10,$5,Video Marketing,"I will do video SEO, Create Video and share to top Media sites",businesssupport,98%,2000,India,8 Hrs.
Graphics & Design,rate-10,$10,Book Covers & Packaging,I will design Professional Product Label of your Product,ak_graphics_cg,99%,109,Pakistan,1 Hrs.
Digital Marketing,rate-10,$5,Video Marketing,I will do Originally YouTube Video Promotion Campaign For Get Real Audience,amazonsolved,100%,26,United States,1 Day
Graphics & Design,rate-10,$5,Book Covers & Packaging,I will design and format your book for CreateSpace,psalmyy,99%,238,Nigeria,1 Hrs.
Digital Marketing,rate-9,$5,Mobile Advertising,"I will promote app, website,product, service via over 14 million people on social,media",top_trends,90%,32,United States,3 Days
Digital Marketing,rate-9,$10,Mobile Advertising,I will do ASO keywords research for your iOS App to make it more visible,yama102,93%,18,Indonesia,1 Hrs.
Digital Marketing,rate-9,$5,Video Marketing,I will promote your video on 500 Video sites,rekin4561,94%,225,Poland,5 Hrs.
Digital Marketing,rate-10,$5,Mobile Advertising,I will do Chinese ASO for iOS iPhone on Apple China App Store,yourmoments,97%,63,China,2 Hrs.
Graphics & Design,rate-10,$40,Book Covers & Packaging,I will design amazon product packaging,merachev,97%,284,Bulgaria,7 Hrs.
Digital Marketing,rate-10,$5,Video Marketing,I will do viral youtube video promotion,smartseos,97%,607,India,11 Hrs.
Graphics & Design,rate-10,$5,Book Covers & Packaging,I will make eBook Cover with Gifts,lauria,100%,5852,Morocco,1 Hrs.
Digital Marketing,rate-10,$5,Mobile Advertising,I will write ASO friendly description for play store or app store,jiteshdugar,98%,601,India,1 Hrs.
Digital Marketing,rate-10,$5,Video Marketing,I will make your Instagram Video go Viral,jhon088,98%,10,Bangladesh,4 Hrs.
Digital Marketing,rate-10,$5,Mobile Advertising,I will provide you 10K Valid Mobile Numbers For SMS Marketing,rjsameer,98%,12,Pakistan,1 Hrs.
Digital Marketing,rate-10,$5,Video Marketing,I will do BEST Social Media Campaign for YouTube Video,frankexpert30,99%,510,Romania,1 Hrs.
Graphics & Design,rate-10,$5,Banner Ads,I will design an Attractive and Professional Website banner,design2thrive,99%,10080,Singapore,10 Hrs.
Digital Marketing,rate-10,$5,Video Marketing,I will promote your YouTube videos,nicole29,95%,61,United States,8 Hrs.
Digital Marketing,rate-9,$5,Mobile Advertising,I will reserach and find best KEYWORDs for APP niche market,rayanwilliams,99%,8,Canada,1 Hrs.
Graphics & Design,rate-10,$10,Banner Ads,"I will design creative professional ,Pull Up,Roller, Banner",zahidryk,97%,20,Pakistan,3 Hrs.
Digital Marketing,rate-10,$5,Mobile Advertising,I will promote your android app through push notification,nasir41,98%,22,Pakistan,4 Hrs.
Graphics & Design,rate-10,$5,Banner Ads,I will design a professional banner ad,atgraphics,99%,561,Pakistan,1 Hrs.
Digital Marketing,rate-10,$5,Mobile Advertising,I will send Bulk SMS to 500 People,sreejoy,100%,6,India,4 Hrs.
Digital Marketing,rate-9,$5,Mobile Advertising,I will promote your mobile app,webzpromo,97%,7,India,1 Hrs.
Digital Marketing,rate-10,$5,Mobile Advertising,I will promote your iPhone or Android App,applancers,100%,51,Germany,3 Hrs.
Digital Marketing,rate-10,$5,Mobile Advertising,I will advertise your link for 30 days on my Mobile App,leorichman,100%,6,United Arab Emirates,1 Hrs.
Digital Marketing,rate-9,$5,Mobile Advertising,I will give you a shouout on my DOG instagram,doseofpuppies,76%,7,Norway,4 Hrs.
Digital Marketing,rate-8,$5,Mobile Advertising,I will be your SMS Marketing Partner and provide mobile numbers,emailbuster,85%,4,United States,2 Hrs.
Business,rate-10,$5,Market Research,I will make Deep Market Research Or Market Analysis Report,hafij01613,98%,104,Bangladesh,1 Hrs.
Fun & Lifestyle,rate-10,$5,Greeting Cards & Videos,I will record video for you in HD,tijanno,100%,49,Serbia,6 Hrs.
Digital Marketing,rate-10,$5,Web Traffic,"I will drive google,50 000,website,traffic within 30 days",king456le,99%,96,United Kingdom,15 Hrs.
Graphics & Design,rate-10,$25,Infographics,I will create a professional Infographic,bliink,99%,6,United Kingdom,2 Hrs.
Graphics & Design,rate-10,$5,Infographics,I will create a professional UNIQUE infographic,danukz,99%,1651,Sri Lanka,2 Hrs.
Graphics & Design,rate-10,$30,Infographics,I will create creative INFOGRAPHIC and statistics illustration,evaashley,96%,35,Australia,1 Hrs.
Graphics & Design,rate-10,$45,Infographics,I will create an infographic with your content,inventoodesign,95%,34,United States,6 Hrs.
Writing & Translation,rate-10,$220,Creative Writing,I will write your amazing novella or novel,roberthazelton,100%,10,United States,2 Hrs.
Digital Marketing,rate-10,$40,Marketing Strategy,I will create a marketing strategy for your business,carollinnah,90%,1,United States,1 Hrs.
Digital Marketing,rate-10,$5,Marketing Strategy,I will promote your ebook to 4K to UK Kindle readers,tucsonsarah,96%,282,United States,2 Hrs.
Digital Marketing,rate-10,$10,Marketing Strategy,I will create a startup strategy including market research,rahul2111,99%,5,India,5 Hrs.
Digital Marketing,rate-10,$25,Marketing Strategy,I will create a workbook for your crowdfunding campaign,kendellr,95%,230,United States,10 Hrs.
Digital Marketing,rate-10,$5,Marketing Strategy,I will improve your items SEO by adding watchers on a daily basis,mmmyway,99%,10,Thailand,4 Hrs.
Digital Marketing,rate-8,$5,Marketing Strategy,I will do sales funnel for your business or website in ZOHO,phpservice,97%,4,Pakistan,1 Hrs.
Digital Marketing,rate-10,$150,Marketing Strategy,I will create a targeted Marketing Plan,marketinggurls,99%,5,United States,1 Day
Digital Marketing,rate-10,$5,Marketing Strategy,I will create a Strategic Digital Marketing Plan,stirmarketing,98%,11,Canada,4 Hrs.
Digital Marketing,rate-9,$5,Marketing Strategy,I will create a full marketing strategy and business plan,vansnow_writes,94%,27,United States,1 Hrs.
Digital Marketing,rate-10,$10,Marketing Strategy,I will provide you a proper Competitor Analysis report,icb_solutions,98%,24,India,6 Hrs.
Digital Marketing,rate-10,$50,Marketing Strategy,I will train You GSA to Get the Best seo Result,faisalmaximus,99%,4,Bangladesh,9 Hrs.
Digital Marketing,rate-10,$65,Marketing Strategy,I will do amazing marketing strategy and research,book_writter,100%,1,United States,1 Hrs.
Digital Marketing,rate-10,$25,Marketing Strategy,I will create and marketing plan for your business,kaliash,100%,2,United States,3 Hrs.
Digital Marketing,rate-10,$5,Marketing Strategy,I will interview you on my popular blog,bridiegirl,98%,102,United States,17 Hrs.
Writing & Translation,rate-10,$35,Creative Writing,I will write Professional WEBSITE Content,mtahir24,100%,4,Czech Republic,1 Hrs.
Writing & Translation,rate-10,$5,Creative Writing,I will write a Catchy Biography or BIO,authoreva,99%,815,United States,3 Hrs.
Fun & Lifestyle,rate-10,$5,Spiritual & Healing,I will make your New Year 2017 extra happy  PLEASE read description,lovegenesis,97%,19,United States,1 Hrs.
Digital Marketing,rate-10,$35,Marketing Strategy,I will create your campaign map or sales funnel,hiteshdigitalmk,94%,2,India,1 Hrs.
Writing & Translation,rate-10,$15,Creative Writing,I will write a mission statement for your company or nonprofit,pblose,99%,115,United States,3 Hrs.
Fun & Lifestyle,rate-10,$25,Spiritual & Healing,I will send you a POWERFUL positive energy,siberiak,99%,71,Ukraine,2 Hrs.
Writing & Translation,rate-10,$10,Creative Writing,"I will write, edit, and breathe fire into your project",krisman,99%,630,United States,6 Hrs.
Digital Marketing,rate-10,$5,Marketing Strategy,I will create Effective Lead Generation Strategy,revenuepages,90%,2,United States,7 Hrs.
Fun & Lifestyle,rate-10,$20,Spiritual & Healing,I will send you a message from your Akashic Records,danekohdz,100%,382,United States,12 Hrs.
Writing & Translation,rate-10,$10,Creative Writing,I will write a 5000 word romance Kindle book,yulani,98%,155,Malaysia,4 Hrs.
Fun & Lifestyle,rate-10,$5,Spiritual & Healing,I will break up any relationship for you,sunshine_monae,99%,81,United States,3 Hrs.
Digital Marketing,rate-10,$10,Local Listings,I will create 80 best UK local citations,localseoexpert1,99%,145,India,1 Hrs.
Writing & Translation,rate-10,$10,Creative Writing,I will write A Whiteboard Explainer Video Script In 24 Hours,catherinepierce,99%,306,United States,2 Hrs.
Digital Marketing,rate-10,$20,Local Listings,"I will do Top local Citation, Google my business, maps listing",mamunjuel,100%,187,Bangladesh,3 Hrs.
Writing & Translation,rate-10,$15,Creative Writing,"I will write an engaging 500 word Biography, bio or About Me",bethlucki,95%,99,Kenya,2 Hrs.
Digital Marketing,rate-10,$5,Local Listings,I will do Google Local SEO,markmasonbeast,100%,84,United States,13 Hrs.
Writing & Translation,rate-10,$25,Creative Writing,I will write Professional WEBSITE Content,amyample,98%,184,Canada,1 Hrs.
Graphics & Design,rate-10,$5,Infographics,I will create INFOGRAPHIC in 24hrs,linadesign,97%,818,Indonesia,4 Hrs.
Digital Marketing,rate-10,$5,Local Listings,I will build 130 Google Map Citations for Local SEO,hdflatbeats,96%,19,United States,11 Hrs.
Digital Marketing,rate-10,$15,Marketing Strategy,I will do a custom digital marketing plan,the2girls1copy,100%,30,Portugal,18 Hrs.
Graphics & Design,rate-10,$5,Infographics,I will create a unique INFOGRAPHIC,siconsultants,98%,2488,Sri Lanka,5 Hrs.
Digital Marketing,rate-10,$5,Local Listings,I will promote your business on Google map or place,khalamasi,96%,26,United States,5 Hrs.
Writing & Translation,rate-10,$5,Creative Writing,I will write a 400 word fantastic childrens story for you,nicoleden,99%,281,Canada,7 Hrs.
Graphics & Design,rate-10,$5,Infographics,I will make awesome infographic illustration,freshthy,99%,154,Indonesia,1 Hrs.
Graphics & Design,rate-9,$10,Infographics,"I will design MODERN and attractive infographic, presentation",sarah2adam,95%,73,Germany,7 Hrs.
Digital Marketing,rate-10,$5,Local Listings,I will do 140 Local Map Citations To Improve Local Result,seo_citations,100%,515,India,1 Hrs.
Fun & Lifestyle,rate-10,$5,Spiritual & Healing,I will cut cords of attachment with someone,reikimastersami,100%,741,United States,7 Hrs.
Fun & Lifestyle,rate-10,$5,Spiritual & Healing,I will make Energetic corrections for you on any issue Health Wealth Love etc,gracehaeusler,99%,214,United States,10 Hrs.
Graphics & Design,rate-10,$5,Infographics,I will create an Outstanding Infographic,olezka1257,100%,37,Indonesia,2 Hrs.
Graphics & Design,rate-10,$30,Infographics,I will design the most creative infographics,fluxydesign,100%,49,Croatia,14 Hrs.
Digital Marketing,rate-9,$15,Marketing Strategy,I will analyze Your Website From A Marketing Standpoint,mahnetwork,98%,16,Canada,5 Hrs.
Graphics & Design,rate-10,$5,Infographics,I will create a unique INFOGRAPHIC for your business,designer_inn,96%,7,Pakistan,8 Hrs.
Digital Marketing,rate-10,$5,Local Listings,I will do local directory listing or local citation,salman_alvi,100%,21,Pakistan,1 Hrs.
Graphics & Design,rate-10,$30,Infographics,I will design informative infographics for business and nonprofit,shirlee,96%,126,United Kingdom,2 Hrs.
Digital Marketing,rate-10,$5,Local Listings,I will do 50 local Business Listing Citation,seo_xpart,99%,24,Bangladesh,1 Hrs.
Writing & Translation,rate-10,$10,Creative Writing,I will do creative writing in Spanish for your company,cesaraugusto,100%,32,United States,19 Hrs.
Digital Marketing,rate-10,$5,Local Listings,I will do 40  USA live local Citations for your local Business,mousumi85,97%,40,United States,23 Hrs.
Digital Marketing,rate-10,$5,Local Listings,I will do 100 local SEO citation for India,habib1jnu,99%,63,Bangladesh,3 Hrs.
Fun & Lifestyle,rate-10,$40,Spiritual & Healing,I will send you very strong effective Theta Healing,reikimastersami,100%,3507,United States,7 Hrs.
Writing & Translation,rate-10,$5,Creative Writing,"I will creatively assist in writing essays,research papers,articles and academic papers",smartwriter2015,98%,343,Kenya,1 Hrs.
Graphics & Design,rate-10,$5,Infographics,I will design a professionally designed Infographic,nurulismiati,100%,149,Indonesia,1 Hrs.
Digital Marketing,rate-10,$5,Local Listings,I will manually Create 40 Live Local Business Listing,citationsexpert,100%,94,Bangladesh,8 Hrs.
Digital Marketing,rate-10,$30,Marketing Strategy,I will write Marketing Plans and Promotional Plans,abdulsatta,100%,18,Pakistan,1 Hrs.
Writing & Translation,rate-10,$5,Creative Writing,I will write you a perfect and unique content,pen_expert,100%,4,United Kingdom,7 Hrs.
Graphics & Design,rate-10,$5,Infographics,I will create professional INFOGRAPHICS with your content,jenajenny,98%,2397,Sri Lanka,3 Hrs.
Digital Marketing,rate-10,$5,Local Listings,I will do 125 Google Map Citations for Local SEO,jennifernyc,99%,302,Pakistan,5 Hrs.
Graphics & Design,rate-10,$5,Infographics,I will create a High Quality Infographic,kreativedezigns,99%,850,India,5 Hrs.
Digital Marketing,rate-10,$5,Local Listings,I will post your Ads on 50 top rated classified sites in UK Locations,riyaonline,98%,15,India,1 Hrs.
Writing & Translation,rate-10,$95,Creative Writing,"I will write your screenplay, tv pilot or story",aguilianti,100%,42,United States,4 Hrs.
Graphics & Design,rate-10,$15,Infographics,I will make stunning and beautiful infographics,scrollavezza,99%,962,Italy,3 Hrs.
Digital Marketing,rate-10,$5,Local Listings,I will manually create 200 point google map listing aaa SEO,khzahid75,99%,72,Bangladesh,2 Hrs.
Fun & Lifestyle,rate-10,$5,Spiritual & Healing,I will do Divine matrix TF Healing or do custom attunement sessions,andersony,100%,181,Indonesia,1 Hrs.
Writing & Translation,rate-10,$5,Creative Writing,I will ghost write your book or memoir,jenihiggs,100%,17,United States,1 Hrs.
Graphics & Design,rate-10,$45,Infographics,"I will create a unique INFOGRAPHIC, Custom Infographic Design",dreejc7,99%,54,Slovenia,2 Hrs.
Digital Marketing,rate-10,$5,Marketing Strategy,I will send 100 INCREDIBLE marketing ideas,juliangoldie,98%,283,United Kingdom,1 Hrs.
Graphics & Design,rate-10,$25,Infographics,I will create a stunning catchy infographic for your data,settlingcrab,98%,83,Pakistan,1 Hrs.
Digital Marketing,rate-10,$5,Local Listings,"I will do 20 USA, Canada citation",citation_4seo,98%,84,United States,1 Hrs.
Graphics & Design,rate-10,$5,Infographics,I will create professional INFOGRAPHIC with your content,nimrakhan123,99%,222,Pakistan,1 Hrs.
Digital Marketing,rate-10,$20,Local Listings,I will create quality 50 local citations,subirsen6970,99%,46,Bangladesh,1 Hrs.
Digital Marketing,rate-10,$5,Local Listings,I will do 300 Google Map Citations for Local SEO,links4seo,100%,58,Singapore,3 Hrs.
Digital Marketing,rate-10,$5,Marketing Strategy,I will create a marketing plan that creates SALES for your business,hman2015,100%,13,United Kingdom,6 Hrs.
Graphics & Design,rate-10,$5,Infographics,I will design an unique INFOGRAPHIC,creativemonkeys,100%,276,Sri Lanka,1 Hrs.
Digital Marketing,rate-10,$5,Local Listings,I will do 100 Best Google Local citations or Business listing,mdshohagali,99%,209,Bangladesh,1 Hrs.
Digital Marketing,rate-10,$5,Local Listings,I will do 100 google Local Citations for USA Business Listing,khzahid75,99%,136,Bangladesh,2 Hrs.
Fun & Lifestyle,rate-10,$5,Spiritual & Healing,I will send Continuous Distant Reiki healing for 3 days,reikichristy,100%,282,United States,3 Hrs.
Fun & Lifestyle,rate-10,$10,Celebrity Impersonators,I will dress as Marilyn Monroe and sing Happy Birthday,bluradioactive,100%,2,Latvia,3 Hrs.
Graphics & Design,rate-10,$10,Infographics,I will create an unique infographic,hirehtmlcoder,97%,985,India,1 Hrs.
Digital Marketing,rate-10,$5,Local Listings,I will do 25 Live Local Business Directory Listing or Citation Country wise,seo_servicelink,99%,62,Bangladesh,1 Hrs.
Graphics & Design,rate-10,$5,Infographics,"I will design modern, professional and unique infographics for you",angel_3,100%,2,United States,1 Hrs.
Digital Marketing,rate-10,$5,Local Listings,I will build 125 Google Map Citations for Local SEO,puppets,97%,91,United States,13 Hrs.
Fun & Lifestyle,rate-10,$10,Celebrity Impersonators,I will record your voicemail or any audio as Donald Trump,santhony989,98%,175,United States,9 Hrs.
Digital Marketing,rate-10,$50,Marketing Strategy,I will give you a Digital Marketing CONSULTATION,creativeman,99%,9,New Zealand,4 Hrs.
Graphics & Design,rate-10,$5,Infographics,I will create infographic JUST 24hr,linadesign,97%,209,Indonesia,4 Hrs.
Digital Marketing,rate-10,$5,Local Listings,I will create 40 Live Citations for Business Listing,bestseller9,99%,232,Bangladesh,1 Hrs.
Graphics & Design,rate-10,$5,Infographics,I will create a fabulous infographic,pryanka,99%,157,Sri Lanka,1 Hrs.
